sku;nome;nomeml;descrição;fornecedor;marca;lead_time;estoque;peso;altura;largura;comprimento;cubagem;Sku-fiscal;Nome-fiscal;ean;ncm;isbn;origem;imagens;atributos;conteudo_da_embalagem;dimensoes;Cor;Garantia;Material;valor;cat_b2w;cat_cnova;cat_mercado_livre;cat_tamarindos;cat_walmart;cat_netshoes;cat_amazon
BL-372121.372122.372123;Kit 3 Capas de Almofada Veludo Premium 43 x 43 cm Preto, Vermelho, Cinza;Kit 3 Capas de Almofada Veludo Premium Preto;As almofadas da Belchior se caracterizam pela ótima qualidade. Todas possuem zíper invisível e excelente acabamento. Além disso, possuem o tamanho perfeito para decorar qualquer ambiente, seja sofá, cama, chão ou onde você preferir. Aproveite! :)<br/><str;Belchior;Belchior;15;99999;1;20;15;3;;BL-372121.372122.372123;Kit 3 Capas de Almofada Veludo Premium 43 x 43 cm Preto, Vermelho, Cinza;;6304.93.00;;0;http://tamarindos.com.br/imagems/AnaMunoz/Belchior/Kit_1.png|http://tamarindos.com.br/imagems/AnaMunoz/Belchior/372121.png|http://tamarindos.com.br/imagems/AnaMunoz/Belchior/372122.png|http://tamarindos.com.br/imagems/AnaMunoz/Belchior/372123.png;;;;;;;;;;MLB186461;;;;
BL-372127.372131.372132;Kit 3 Capas de Almofada Veludo Premium 43 x 43 cm Amarelo, Cinza, Branco;Kit 3 Capas de Almofada Veludo Premium Amarelo;As almofadas da Belchior se caracterizam pela ótima qualidade. Todas possuem zíper invisível e excelente acabamento. Além disso, possuem o tamanho perfeito para decorar qualquer ambiente, seja sofá, cama, chão ou onde você preferir. Aproveite! :)<br/><str;Belchior;Belchior;15;99999;1;20;15;3;;BL-372127.372131.372132;Kit 3 Capas de Almofada Veludo Premium 43 x 43 cm Amarelo, Cinza, Branco;;6304.93.00;;0;http://tamarindos.com.br/imagems/AnaMunoz/Belchior/Kit_2.png|http://tamarindos.com.br/imagems/AnaMunoz/Belchior/372127.png|http://tamarindos.com.br/imagems/AnaMunoz/Belchior/372131.png|http://tamarindos.com.br/imagems/AnaMunoz/Belchior/372132.png;;;;;;;;;;MLB186461;;;;
BL-372128.372129.372130;Kit 3 Capas de Almofada Veludo Premium 43 x 43 cm Cinza, Amarelo, Branco;Kit 3 Capas de Almofada Veludo Premium Cinza;As almofadas da Belchior se caracterizam pela ótima qualidade. Todas possuem zíper invisível e excelente acabamento. Além disso, possuem o tamanho perfeito para decorar qualquer ambiente, seja sofá, cama, chão ou onde você preferir. Aproveite! :)<br/><str;Belchior;Belchior;15;99999;1;20;15;3;;BL-372128.372129.372130;Kit 3 Capas de Almofada Veludo Premium 43 x 43 cm Cinza, Amarelo, Branco;;6304.93.00;;0;http://tamarindos.com.br/imagems/AnaMunoz/Belchior/Kit_3.png|http://tamarindos.com.br/imagems/AnaMunoz/Belchior/372128.png|http://tamarindos.com.br/imagems/AnaMunoz/Belchior/372129.png|http://tamarindos.com.br/imagems/AnaMunoz/Belchior/372130.png;;;;;;;;;;MLB186461;;;;
BL-372133.372134.372135;Kit 3 Capas de Almofada Veludo Premium 43 x 43 cm Cinza, Azul, Branco;Kit 3 Capas de Almofada Veludo Premium Cinza;As almofadas da Belchior se caracterizam pela ótima qualidade. Todas possuem zíper invisível e excelente acabamento. Além disso, possuem o tamanho perfeito para decorar qualquer ambiente, seja sofá, cama, chão ou onde você preferir. Aproveite! :)<br/><str;Belchior;Belchior;15;99999;1;20;15;3;;BL-372133.372134.372135;Kit 3 Capas de Almofada Veludo Premium 43 x 43 cm Cinza, Azul, Branco;;6304.93.00;;0;http://tamarindos.com.br/imagems/AnaMunoz/Belchior/Kit_4.png|http://tamarindos.com.br/imagems/AnaMunoz/Belchior/372133.png|http://tamarindos.com.br/imagems/AnaMunoz/Belchior/372134.png|http://tamarindos.com.br/imagems/AnaMunoz/Belchior/372135.png;;;;;;;;;;MLB186461;;;;
BL-372136.372137.372138;Kit 3 Capas de Almofada Veludo Premium 43 x 43 cm Azul, Cinza, Branco;Kit 3 Capas de Almofada Veludo Premium Azul;As almofadas da Belchior se caracterizam pela ótima qualidade. Todas possuem zíper invisível e excelente acabamento. Além disso, possuem o tamanho perfeito para decorar qualquer ambiente, seja sofá, cama, chão ou onde você preferir. Aproveite! :)<br/><str;Belchior;Belchior;15;99999;1;20;15;3;;BL-372136.372137.372138;Kit 3 Capas de Almofada Veludo Premium 43 x 43 cm Azul, Cinza, Branco;;6304.93.00;;0;http://tamarindos.com.br/imagems/AnaMunoz/Belchior/Kit_5.png|http://tamarindos.com.br/imagems/AnaMunoz/Belchior/372136.png|http://tamarindos.com.br/imagems/AnaMunoz/Belchior/372137.png|http://tamarindos.com.br/imagems/AnaMunoz/Belchior/372138.png;;;;;;;;;;MLB186461;;;;
BL-372139.372140.372141;Kit 3 Capas de Almofada Veludo Premium 43 x 43 cm Branco, Preto, Bege;Kit 3 Capas de Almofada Veludo Premium Branco;As almofadas da Belchior se caracterizam pela ótima qualidade. Todas possuem zíper invisível e excelente acabamento. Além disso, possuem o tamanho perfeito para decorar qualquer ambiente, seja sofá, cama, chão ou onde você preferir. Aproveite! :)<br/><str;Belchior;Belchior;15;99999;1;20;15;3;;BL-372139.372140.372141;Kit 3 Capas de Almofada Veludo Premium 43 x 43 cm Branco, Preto, Bege;;6304.93.00;;0;http://tamarindos.com.br/imagems/AnaMunoz/Belchior/Kit_6.png|http://tamarindos.com.br/imagems/AnaMunoz/Belchior/372139.png|http://tamarindos.com.br/imagems/AnaMunoz/Belchior/372140.png|http://tamarindos.com.br/imagems/AnaMunoz/Belchior/372141.png;;;;;;;;;;MLB186461;;;;
BL-372142.372143.372144;Kit 3 Capas de Almofada Veludo Premium Cachorros 43 x 43 cm Branco, Preto;Kit 3 Capas de Almofada Veludo Premium Cachorros Branco;As almofadas da Belchior se caracterizam pela ótima qualidade. Todas possuem zíper invisível e excelente acabamento. Além disso, possuem o tamanho perfeito para decorar qualquer ambiente, seja sofá, cama, chão ou onde você preferir. Aproveite! :)<br/><str;Belchior;Belchior;15;99999;1;20;15;3;;BL-372142.372143.372144;Kit 3 Capas de Almofada Veludo Premium Cachorros 43 x 43 cm Branco, Preto;;6304.93.00;;0;http://tamarindos.com.br/imagems/AnaMunoz/Belchior/Kit_7.png|http://tamarindos.com.br/imagems/AnaMunoz/Belchior/372142.png|http://tamarindos.com.br/imagems/AnaMunoz/Belchior/372143.png|http://tamarindos.com.br/imagems/AnaMunoz/Belchior/372144.png;;;;;;;;;;MLB186461;;;;
BL-372145.372146.372147;Kit 3 Capas de Almofada Veludo Premium Fashion 43 x 43 cm Preto, Branco, Vermelho;Kit 3 Capas de Almofada Veludo Premium Fashion Preto;As almofadas da Belchior se caracterizam pela ótima qualidade. Todas possuem zíper invisível e excelente acabamento. Além disso, possuem o tamanho perfeito para decorar qualquer ambiente, seja sofá, cama, chão ou onde você preferir. Aproveite! :)<br/><str;Belchior;Belchior;15;99999;1;20;15;3;;BL-372145.372146.372147;Kit 3 Capas de Almofada Veludo Premium Fashion 43 x 43 cm Preto, Branco, Vermelho;;6304.93.00;;0;http://tamarindos.com.br/imagems/AnaMunoz/Belchior/Kit_8.png|http://tamarindos.com.br/imagems/AnaMunoz/Belchior/372145.png|http://tamarindos.com.br/imagems/AnaMunoz/Belchior/372146.png|http://tamarindos.com.br/imagems/AnaMunoz/Belchior/372147.png;;;;;;;;;;MLB186461;;;;
BL-372151.372152.372153;Kit 3 Capas de Almofada Velveteen 43 x 43 cm Amarelo, Cinza;Kit 3 Capas de Almofada Velveteen Amarelo;As almofadas da Belchior se caracterizam pela ótima qualidade. Todas possuem zíper invisível e excelente acabamento. Além disso, possuem o tamanho perfeito para decorar qualquer ambiente, seja sofá, cama, chão ou onde você preferir. Aproveite! :)<br/><str;Belchior;Belchior;15;99999;1;20;15;3;;BL-372151.372152.372153;Kit 3 Capas de Almofada Velveteen 43 x 43 cm Amarelo, Cinza;;6304.93.00;;0;http://tamarindos.com.br/imagems/AnaMunoz/Belchior/Kit_9.png|http://tamarindos.com.br/imagems/AnaMunoz/Belchior/372151.png|http://tamarindos.com.br/imagems/AnaMunoz/Belchior/372152.png|http://tamarindos.com.br/imagems/AnaMunoz/Belchior/372153.png;;;;;;;;;;MLB186461;;;;
BL-372154.372155.372156;Kit 3 Capas de Almofada Velveteen 43 x 43 cm Branco, Preto;Kit 3 Capas de Almofada Velveteen Branco;As almofadas da Belchior se caracterizam pela ótima qualidade. Todas possuem zíper invisível e excelente acabamento. Além disso, possuem o tamanho perfeito para decorar qualquer ambiente, seja sofá, cama, chão ou onde você preferir. Aproveite! :)<br/><str;Belchior;Belchior;15;99999;1;20;15;3;;BL-372154.372155.372156;Kit 3 Capas de Almofada Velveteen 43 x 43 cm Branco, Preto;;6304.93.00;;0;http://tamarindos.com.br/imagems/AnaMunoz/Belchior/Kit_10.png|http://tamarindos.com.br/imagems/AnaMunoz/Belchior/372154.png|http://tamarindos.com.br/imagems/AnaMunoz/Belchior/372155.png|http://tamarindos.com.br/imagems/AnaMunoz/Belchior/372156.png;;;;;;;;;;MLB186461;;;;
BL-372157.372158.372159;Kit 3 Capas de Almofada Velveteen 43 x 43 cm Cinza, Laranja, Preto, Branco;Kit 3 Capas de Almofada Velveteen Cinza;As almofadas da Belchior se caracterizam pela ótima qualidade. Todas possuem zíper invisível e excelente acabamento. Além disso, possuem o tamanho perfeito para decorar qualquer ambiente, seja sofá, cama, chão ou onde você preferir. Aproveite! :)<br/><str;Belchior;Belchior;15;99999;1;20;15;3;;BL-372157.372158.372159;Kit 3 Capas de Almofada Velveteen 43 x 43 cm Cinza, Laranja, Preto, Branco;;6304.93.00;;0;http://tamarindos.com.br/imagems/AnaMunoz/Belchior/Kit_11.png|http://tamarindos.com.br/imagems/AnaMunoz/Belchior/372157.png|http://tamarindos.com.br/imagems/AnaMunoz/Belchior/372158.png|http://tamarindos.com.br/imagems/AnaMunoz/Belchior/372159.png;;;;;;;;;;MLB186461;;;;
BL-372160.372161.372162;Kit 3 Capas de Almofada Velveteen 43 x 43 cm Laranja, Cinza, Beg,, Branco;Kit 3 Capas de Almofada Velveteen Laranja;As almofadas da Belchior se caracterizam pela ótima qualidade. Todas possuem zíper invisível e excelente acabamento. Além disso, possuem o tamanho perfeito para decorar qualquer ambiente, seja sofá, cama, chão ou onde você preferir. Aproveite! :)<br/><str;Belchior;Belchior;15;99999;1;20;15;3;;BL-372160.372161.372162;Kit 3 Capas de Almofada Velveteen 43 x 43 cm Laranja, Cinza, Beg,, Branco;;6304.93.00;;0;http://tamarindos.com.br/imagems/AnaMunoz/Belchior/Kit_12.png|http://tamarindos.com.br/imagems/AnaMunoz/Belchior/372160.png|http://tamarindos.com.br/imagems/AnaMunoz/Belchior/372161.png|http://tamarindos.com.br/imagems/AnaMunoz/Belchior/372162.png;;;;;;;;;;MLB186461;;;;
BL-372163.372164.372165;Kit 3 Capas de Almofada Velveteen 43 x 43 cm Azul Tiffany, Preto, Branco;Kit 3 Capas de Almofada Velveteen Azul Tiffany;As almofadas da Belchior se caracterizam pela ótima qualidade. Todas possuem zíper invisível e excelente acabamento. Além disso, possuem o tamanho perfeito para decorar qualquer ambiente, seja sofá, cama, chão ou onde você preferir. Aproveite! :)<br/><str;Belchior;Belchior;15;99999;1;20;15;3;;BL-372163.372164.372165;Kit 3 Capas de Almofada Velveteen 43 x 43 cm Azul Tiffany, Preto, Branco;;6304.93.00;;0;http://tamarindos.com.br/imagems/AnaMunoz/Belchior/Kit_13.png|http://tamarindos.com.br/imagems/AnaMunoz/Belchior/372163.png|http://tamarindos.com.br/imagems/AnaMunoz/Belchior/372164.png|http://tamarindos.com.br/imagems/AnaMunoz/Belchior/372165.png;;;;;;;;;;MLB186461;;;;
BL-372166.372167.372168;Kit 3 Capas de Almofada Velveteen 43 x 43 cm Vermelho, Branco, Cinza, Amarelo;Kit 3 Capas de Almofada Velveteen Vermelho;As almofadas da Belchior se caracterizam pela ótima qualidade. Todas possuem zíper invisível e excelente acabamento. Além disso, possuem o tamanho perfeito para decorar qualquer ambiente, seja sofá, cama, chão ou onde você preferir. Aproveite! :)<br/><str;Belchior;Belchior;15;99999;1;20;15;3;;BL-372166.372167.372168;Kit 3 Capas de Almofada Velveteen 43 x 43 cm Vermelho, Branco, Cinza, Amarelo;;6304.93.00;;0;http://tamarindos.com.br/imagems/AnaMunoz/Belchior/Kit_14.png|http://tamarindos.com.br/imagems/AnaMunoz/Belchior/372166.png|http://tamarindos.com.br/imagems/AnaMunoz/Belchior/372167.png|http://tamarindos.com.br/imagems/AnaMunoz/Belchior/372168.png;;;;;;;;;;MLB186461;;;;
BL-372169.372170.372171;Kit 3 Capas de Almofada Velveteen 43 x 43 cm Branco, Preto, Bege;Kit 3 Capas de Almofada Velveteen Branco e Preto;As almofadas da Belchior se caracterizam pela ótima qualidade. Todas possuem zíper invisível e excelente acabamento. Além disso, possuem o tamanho perfeito para decorar qualquer ambiente, seja sofá, cama, chão ou onde você preferir. Aproveite! :)<br/><str;Belchior;Belchior;15;99999;1;20;15;3;;BL-372169.372170.372171;Kit 3 Capas de Almofada Velveteen 43 x 43 cm Branco, Preto, Bege;;6304.93.00;;0;http://tamarindos.com.br/imagems/AnaMunoz/Belchior/Kit_15.png|http://tamarindos.com.br/imagems/AnaMunoz/Belchior/372169.png|http://tamarindos.com.br/imagems/AnaMunoz/Belchior/372170.png|http://tamarindos.com.br/imagems/AnaMunoz/Belchior/372171.png;;;;;;;;;;MLB186461;;;;
BL-372172.372173.372174;Kit 3 Capas de Almofada Velveteen 43 x 43 cm Preto, Branco, Bege;Kit 3 Capas de Almofada Velveteen Preto e Branco;As almofadas da Belchior se caracterizam pela ótima qualidade. Todas possuem zíper invisível e excelente acabamento. Além disso, possuem o tamanho perfeito para decorar qualquer ambiente, seja sofá, cama, chão ou onde você preferir. Aproveite! :)<br/><str;Belchior;Belchior;15;99999;1;20;15;3;;BL-372172.372173.372174;Kit 3 Capas de Almofada Velveteen 43 x 43 cm Preto, Branco, Bege;;6304.93.00;;0;http://tamarindos.com.br/imagems/AnaMunoz/Belchior/Kit_16.png|http://tamarindos.com.br/imagems/AnaMunoz/Belchior/372172.png|http://tamarindos.com.br/imagems/AnaMunoz/Belchior/372173.png|http://tamarindos.com.br/imagems/AnaMunoz/Belchior/372174.png;;;;;;;;;;MLB186461;;;;
BL-378001.378002.378003;Kit 3 Capas de Almofada Fantasy 43 x 43 cm Rosa, Azul, Amarelo, Branco, Roxo;Kit 3 Capas de Almofada Fantasy Rosa e Azul;As almofadas da Belchior se caracterizam pela ótima qualidade. Todas possuem zíper invisível e excelente acabamento. Além disso, possuem o tamanho perfeito para decorar qualquer ambiente, seja sofá, cama, chão ou onde você preferir. Aproveite! :)<br/><str;Belchior;Belchior;15;99999;1;20;15;3;;BL-378001.378002.378003;Kit 3 Capas de Almofada Fantasy 43 x 43 cm Rosa, Azul, Amarelo, Branco, Roxo;;6304.93.00;;0;http://tamarindos.com.br/imagems/AnaMunoz/Belchior/Kit_17.png|http://tamarindos.com.br/imagems/AnaMunoz/Belchior/378001.png|http://tamarindos.com.br/imagems/AnaMunoz/Belchior/378002.png|http://tamarindos.com.br/imagems/AnaMunoz/Belchior/378003.png;;;;;;;;;;MLB186461;;;;
BL-378004.378005.378006;Kit 3 Capas de Almofada Fantasy 43 x 43 cm Roxo, Branco, Rosa, Amarelo, Azul, Bege;Kit 3 Capas de Almofada Fantasy Roxo;As almofadas da Belchior se caracterizam pela ótima qualidade. Todas possuem zíper invisível e excelente acabamento. Além disso, possuem o tamanho perfeito para decorar qualquer ambiente, seja sofá, cama, chão ou onde você preferir. Aproveite! :)<br/><str;Belchior;Belchior;15;99999;1;20;15;3;;BL-378004.378005.378006;Kit 3 Capas de Almofada Fantasy 43 x 43 cm Roxo, Branco, Rosa, Amarelo, Azul, Bege;;6304.93.00;;0;http://tamarindos.com.br/imagems/AnaMunoz/Belchior/Kit_18.png|http://tamarindos.com.br/imagems/AnaMunoz/Belchior/378004.png|http://tamarindos.com.br/imagems/AnaMunoz/Belchior/378005.png|http://tamarindos.com.br/imagems/AnaMunoz/Belchior/378006.png;;;;;;;;;;MLB186461;;;;
BL-378007.378008.378009;Kit 3 Capas de Almofada Fantasy Lar Doce Lar 43 x 43 cm Branco, Preto, Rosa, Verde;Kit 3 Capas de Almofada Fantasy Lar Doce Lar Branco;As almofadas da Belchior se caracterizam pela ótima qualidade. Todas possuem zíper invisível e excelente acabamento. Além disso, possuem o tamanho perfeito para decorar qualquer ambiente, seja sofá, cama, chão ou onde você preferir. Aproveite! :)<br/><str;Belchior;Belchior;15;99999;1;20;15;3;;BL-378007.378008.378009;Kit 3 Capas de Almofada Fantasy Lar Doce Lar 43 x 43 cm Branco, Preto, Rosa, Verde;;6304.93.00;;0;http://tamarindos.com.br/imagems/AnaMunoz/Belchior/Kit_19.png|http://tamarindos.com.br/imagems/AnaMunoz/Belchior/378007.png|http://tamarindos.com.br/imagems/AnaMunoz/Belchior/378008.png|http://tamarindos.com.br/imagems/AnaMunoz/Belchior/378009.png;;;;;;;;;;MLB186461;;;;
BL-378010.378011.378012;Kit 3 Capas de Almofada Fantasy 43 x 43 cm Branco, Preto, Amarelo, Rosa;Kit 3 Capas de Almofada Fantasy Branco;As almofadas da Belchior se caracterizam pela ótima qualidade. Todas possuem zíper invisível e excelente acabamento. Além disso, possuem o tamanho perfeito para decorar qualquer ambiente, seja sofá, cama, chão ou onde você preferir. Aproveite! :)<br/><str;Belchior;Belchior;15;99999;1;20;15;3;;BL-378010.378011.378012;Kit 3 Capas de Almofada Fantasy 43 x 43 cm Branco, Preto, Amarelo, Rosa;;6304.93.00;;0;http://tamarindos.com.br/imagems/AnaMunoz/Belchior/Kit_20.png|http://tamarindos.com.br/imagems/AnaMunoz/Belchior/378010.png|http://tamarindos.com.br/imagems/AnaMunoz/Belchior/378011.png|http://tamarindos.com.br/imagems/AnaMunoz/Belchior/378012.png;;;;;;;;;;MLB186461;;;;
BL-378013.378014.378015;Kit 3 Capas de Almofada Fantasy Love 43 x 43 cm Rosa, Branco, Amarelo, Verde;Kit 3 Capas de Almofada Fantasy Love Rosa;As almofadas da Belchior se caracterizam pela ótima qualidade. Todas possuem zíper invisível e excelente acabamento. Além disso, possuem o tamanho perfeito para decorar qualquer ambiente, seja sofá, cama, chão ou onde você preferir. Aproveite! :)<br/><str;Belchior;Belchior;15;99999;1;20;15;3;;BL-378013.378014.378015;Kit 3 Capas de Almofada Fantasy Love 43 x 43 cm Rosa, Branco, Amarelo, Verde;;6304.93.00;;0;http://tamarindos.com.br/imagems/AnaMunoz/Belchior/Kit_21.png|http://tamarindos.com.br/imagems/AnaMunoz/Belchior/378013.png|http://tamarindos.com.br/imagems/AnaMunoz/Belchior/378014.png|http://tamarindos.com.br/imagems/AnaMunoz/Belchior/378015.png;;;;;;;;;;MLB186461;;;;
BL-367007.378016.378018;Kit 3 Capas de Almofada Gato e Unicornio 43 x 43 cm Branco, Rosa, Preto;Kit 3 Capas de Almofada Gato e Unicornio Rosa;As almofadas da Belchior se caracterizam pela ótima qualidade. Todas possuem zíper invisível e excelente acabamento. Além disso, possuem o tamanho perfeito para decorar qualquer ambiente, seja sofá, cama, chão ou onde você preferir. Aproveite! :)<br/><str;Belchior;Belchior;15;99999;1;20;15;3;;BL-367007.378016.378018;Kit 3 Capas de Almofada Gato e Unicornio 43 x 43 cm Branco, Rosa, Preto;;6304.93.00;;0;http://tamarindos.com.br/imagems/AnaMunoz/Belchior/Kit_22.png|http://tamarindos.com.br/imagems/AnaMunoz/Belchior/367007.png|http://tamarindos.com.br/imagems/AnaMunoz/Belchior/378016.png|http://tamarindos.com.br/imagems/AnaMunoz/Belchior/378018.png;;;;;;;;;;MLB186461;;;;
BL-380001.380002.380003;Kit 3 Capas de Almofada Harmony Penas 43 x 43 cm Branco, Azul, Roxo, Bege;Kit 3 Capas de Almofada Harmony Penas Branco;As almofadas da Belchior se caracterizam pela ótima qualidade. Todas possuem zíper invisível e excelente acabamento. Além disso, possuem o tamanho perfeito para decorar qualquer ambiente, seja sofá, cama, chão ou onde você preferir. Aproveite! :)<br/><str;Belchior;Belchior;15;99999;1;20;15;3;;BL-380001.380002.380003;Kit 3 Capas de Almofada Harmony Penas 43 x 43 cm Branco, Azul, Roxo, Bege;;6304.93.00;;0;http://tamarindos.com.br/imagems/AnaMunoz/Belchior/Kit_23.png|http://tamarindos.com.br/imagems/AnaMunoz/Belchior/380001.png|http://tamarindos.com.br/imagems/AnaMunoz/Belchior/380002.png|http://tamarindos.com.br/imagems/AnaMunoz/Belchior/380003.png;;;;;;;;;;MLB186461;;;;
BL-380004.380005.380006;Kit 3 Capas de Almofada Harmony Flechas 43 x 43 cm Branco, Azul, Roxo, Bege;Kit 3 Capas de Almofada Harmony Flechas Branco;As almofadas da Belchior se caracterizam pela ótima qualidade. Todas possuem zíper invisível e excelente acabamento. Além disso, possuem o tamanho perfeito para decorar qualquer ambiente, seja sofá, cama, chão ou onde você preferir. Aproveite! :)<br/><str;Belchior;Belchior;15;99999;1;20;15;3;;BL-380004.380005.380006;Kit 3 Capas de Almofada Harmony Flechas 43 x 43 cm Branco, Azul, Roxo, Bege;;6304.93.00;;0;http://tamarindos.com.br/imagems/AnaMunoz/Belchior/Kit_24.png|http://tamarindos.com.br/imagems/AnaMunoz/Belchior/380004.png|http://tamarindos.com.br/imagems/AnaMunoz/Belchior/380005.png|http://tamarindos.com.br/imagems/AnaMunoz/Belchior/380006.png;;;;;;;;;;MLB186461;;;;
BL-380007.380008.380009;Kit 3 Capas de Almofada Harmony Abacaxis 43 x 43 cm Branco, Amarelo, Verde;Kit 3 Capas de Almofada Harmony Abacaxis Branco;As almofadas da Belchior se caracterizam pela ótima qualidade. Todas possuem zíper invisível e excelente acabamento. Além disso, possuem o tamanho perfeito para decorar qualquer ambiente, seja sofá, cama, chão ou onde você preferir. Aproveite! :)<br/><str;Belchior;Belchior;15;99999;1;20;15;3;;BL-380007.380008.380009;Kit 3 Capas de Almofada Harmony Abacaxis 43 x 43 cm Branco, Amarelo, Verde;;6304.93.00;;0;http://tamarindos.com.br/imagems/AnaMunoz/Belchior/Kit_25.png|http://tamarindos.com.br/imagems/AnaMunoz/Belchior/380007.png|http://tamarindos.com.br/imagems/AnaMunoz/Belchior/380008.png|http://tamarindos.com.br/imagems/AnaMunoz/Belchior/380009.png;;;;;;;;;;MLB186461;;;;
BL-380010.380011.380012;Kit 3 Capas de Almofada Harmony Cactus 43 x 43 cm Branco, Verde, Amarelo;Kit 3 Capas de Almofada Harmony Cactus Branco;As almofadas da Belchior se caracterizam pela ótima qualidade. Todas possuem zíper invisível e excelente acabamento. Além disso, possuem o tamanho perfeito para decorar qualquer ambiente, seja sofá, cama, chão ou onde você preferir. Aproveite! :)<br/><str;Belchior;Belchior;15;99999;1;20;15;3;;BL-380010.380011.380012;Kit 3 Capas de Almofada Harmony Cactus 43 x 43 cm Branco, Verde, Amarelo;;6304.93.00;;0;http://tamarindos.com.br/imagems/AnaMunoz/Belchior/Kit_26.png|http://tamarindos.com.br/imagems/AnaMunoz/Belchior/380010.png|http://tamarindos.com.br/imagems/AnaMunoz/Belchior/380011.png|http://tamarindos.com.br/imagems/AnaMunoz/Belchior/380012.png;;;;;;;;;;MLB186461;;;;
BL-380013.380014.380015;Kit 3 Capas de Almofada Harmony Paris 43 x 43 cm Branco, Roxo, Rosa;Kit 3 Capas de Almofada Harmony Paris Branco;As almofadas da Belchior se caracterizam pela ótima qualidade. Todas possuem zíper invisível e excelente acabamento. Além disso, possuem o tamanho perfeito para decorar qualquer ambiente, seja sofá, cama, chão ou onde você preferir. Aproveite! :)<br/><str;Belchior;Belchior;15;99999;1;20;15;3;;BL-380013.380014.380015;Kit 3 Capas de Almofada Harmony Paris 43 x 43 cm Branco, Roxo, Rosa;;6304.93.00;;0;http://tamarindos.com.br/imagems/AnaMunoz/Belchior/Kit_27.png|http://tamarindos.com.br/imagems/AnaMunoz/Belchior/380013.png|http://tamarindos.com.br/imagems/AnaMunoz/Belchior/380014.png|http://tamarindos.com.br/imagems/AnaMunoz/Belchior/380015.png;;;;;;;;;;MLB186461;;;;
BL-380016.380017.380018;Kit 3 Capas de Almofada Harmony Paris 43 x 43 cm Branco, Preto;Kit 3 Capas de Almofada Harmony Paris Branco;As almofadas da Belchior se caracterizam pela ótima qualidade. Todas possuem zíper invisível e excelente acabamento. Além disso, possuem o tamanho perfeito para decorar qualquer ambiente, seja sofá, cama, chão ou onde você preferir. Aproveite! :)<br/><str;Belchior;Belchior;15;99999;1;20;15;3;;BL-380016.380017.380018;Kit 3 Capas de Almofada Harmony Paris 43 x 43 cm Branco, Preto;;6304.93.00;;0;http://tamarindos.com.br/imagems/AnaMunoz/Belchior/Kit_28.png|http://tamarindos.com.br/imagems/AnaMunoz/Belchior/380016.png|http://tamarindos.com.br/imagems/AnaMunoz/Belchior/380017.png|http://tamarindos.com.br/imagems/AnaMunoz/Belchior/380018.png;;;;;;;;;;MLB186461;;;;
BL-302100.302101.302102;Kit 3 Capas de Almofada Vivace Arabesco 43 x 43 cm Preto, Branco;Kit 3 Capas de Almofada Vivace Arabesco Preto;As almofadas da Belchior se caracterizam pela ótima qualidade. Todas possuem zíper invisível e excelente acabamento. Além disso, possuem o tamanho perfeito para decorar qualquer ambiente, seja sofá, cama, chão ou onde você preferir. Aproveite! :)<br/><str;Belchior;Belchior;15;99999;1;20;15;3;;BL-302100.302101.302102;Kit 3 Capas de Almofada Vivace Arabesco 43 x 43 cm Preto, Branco;;6304.93.00;;0;http://tamarindos.com.br/imagems/AnaMunoz/Belchior/Kit_29.png|http://tamarindos.com.br/imagems/AnaMunoz/Belchior/302100.png|http://tamarindos.com.br/imagems/AnaMunoz/Belchior/302101.png|http://tamarindos.com.br/imagems/AnaMunoz/Belchior/302102.png;;;;;;;;;;MLB186461;;;;
BL-302103.302104.302105;Kit 3 Capas de Almofada Vivace 43 x 43 cm Preto e Branco;Kit 3 Capas de Almofada Vivace Preto;As almofadas da Belchior se caracterizam pela ótima qualidade. Todas possuem zíper invisível e excelente acabamento. Além disso, possuem o tamanho perfeito para decorar qualquer ambiente, seja sofá, cama, chão ou onde você preferir. Aproveite! :)<br/><str;Belchior;Belchior;15;99999;1;20;15;3;;BL-302103.302104.302105;Kit 3 Capas de Almofada Vivace 43 x 43 cm Preto e Branco;;6304.93.00;;0;http://tamarindos.com.br/imagems/AnaMunoz/Belchior/Kit_30.png|http://tamarindos.com.br/imagems/AnaMunoz/Belchior/302103.png|http://tamarindos.com.br/imagems/AnaMunoz/Belchior/302104.png|http://tamarindos.com.br/imagems/AnaMunoz/Belchior/302105.png;;;;;;;;;;MLB186461;;;;
BL-302106.302107.302108;Kit 3 Capas de Almofada Vivace 43 x 43 cm Amarelo, Branco, Preto, Cinza;Kit 3 Capas de Almofada Vivace Amarelo;As almofadas da Belchior se caracterizam pela ótima qualidade. Todas possuem zíper invisível e excelente acabamento. Além disso, possuem o tamanho perfeito para decorar qualquer ambiente, seja sofá, cama, chão ou onde você preferir. Aproveite! :)<br/><str;Belchior;Belchior;15;99999;1;20;15;3;;BL-302106.302107.302108;Kit 3 Capas de Almofada Vivace 43 x 43 cm Amarelo, Branco, Preto, Cinza;;6304.93.00;;0;http://tamarindos.com.br/imagems/AnaMunoz/Belchior/Kit_31.png|http://tamarindos.com.br/imagems/AnaMunoz/Belchior/302106.png|http://tamarindos.com.br/imagems/AnaMunoz/Belchior/302107.png|http://tamarindos.com.br/imagems/AnaMunoz/Belchior/302108.png;;;;;;;;;;MLB186461;;;;
BL-302109.302110.302111;Kit 3 Capas de Almofada Vivace Love This 43 x 43 cm Amarelo, Preto, Branco;Kit 3 Capas de Almofada Vivace Love This Amarelo;As almofadas da Belchior se caracterizam pela ótima qualidade. Todas possuem zíper invisível e excelente acabamento. Além disso, possuem o tamanho perfeito para decorar qualquer ambiente, seja sofá, cama, chão ou onde você preferir. Aproveite! :)<br/><str;Belchior;Belchior;15;99999;1;20;15;3;;BL-302109.302110.302111;Kit 3 Capas de Almofada Vivace Love This 43 x 43 cm Amarelo, Preto, Branco;;6304.93.00;;0;http://tamarindos.com.br/imagems/AnaMunoz/Belchior/Kit_32.png|http://tamarindos.com.br/imagems/AnaMunoz/Belchior/302109.png|http://tamarindos.com.br/imagems/AnaMunoz/Belchior/302110.png|http://tamarindos.com.br/imagems/AnaMunoz/Belchior/302111.png;;;;;;;;;;MLB186461;;;;
BL-302112.302113.302114;Kit 3 Capas de Almofada Vivace 43 x 43 cm Azul, Branco, Preto;Kit 3 Capas de Almofada Vivace Azul;As almofadas da Belchior se caracterizam pela ótima qualidade. Todas possuem zíper invisível e excelente acabamento. Além disso, possuem o tamanho perfeito para decorar qualquer ambiente, seja sofá, cama, chão ou onde você preferir. Aproveite! :)<br/><str;Belchior;Belchior;15;99999;1;20;15;3;;BL-302112.302113.302114;Kit 3 Capas de Almofada Vivace 43 x 43 cm Azul, Branco, Preto;;6304.93.00;;0;http://tamarindos.com.br/imagems/AnaMunoz/Belchior/Kit_33.png|http://tamarindos.com.br/imagems/AnaMunoz/Belchior/302112.png|http://tamarindos.com.br/imagems/AnaMunoz/Belchior/302113.png|http://tamarindos.com.br/imagems/AnaMunoz/Belchior/302114.png;;;;;;;;;;MLB186461;;;;
BL-302115.302116.302117;Kit 3 Capas de Almofada Vivace 43 x 43 cm Azul, Branco, Vermelho;Kit 3 Capas de Almofada Vivace Azul;As almofadas da Belchior se caracterizam pela ótima qualidade. Todas possuem zíper invisível e excelente acabamento. Além disso, possuem o tamanho perfeito para decorar qualquer ambiente, seja sofá, cama, chão ou onde você preferir. Aproveite! :)<br/><str;Belchior;Belchior;15;99999;1;20;15;3;;BL-302115.302116.302117;Kit 3 Capas de Almofada Vivace 43 x 43 cm Azul, Branco, Vermelho;;6304.93.00;;0;http://tamarindos.com.br/imagems/AnaMunoz/Belchior/Kit_34.png|http://tamarindos.com.br/imagems/AnaMunoz/Belchior/302115.png|http://tamarindos.com.br/imagems/AnaMunoz/Belchior/302116.png|http://tamarindos.com.br/imagems/AnaMunoz/Belchior/302117.png;;;;;;;;;;MLB186461;;;;
BL-302118.302119.302120;Kit 3 Capas de Almofada Vivace 43 x 43 cm Branco, Azul, Bege;Kit 3 Capas de Almofada Vivace Azul, Bege;As almofadas da Belchior se caracterizam pela ótima qualidade. Todas possuem zíper invisível e excelente acabamento. Além disso, possuem o tamanho perfeito para decorar qualquer ambiente, seja sofá, cama, chão ou onde você preferir. Aproveite! :)<br/><str;Belchior;Belchior;15;99999;1;20;15;3;;BL-302118.302119.302120;Kit 3 Capas de Almofada Vivace 43 x 43 cm Branco, Azul, Bege;;6304.93.00;;0;http://tamarindos.com.br/imagems/AnaMunoz/Belchior/Kit_35.png|http://tamarindos.com.br/imagems/AnaMunoz/Belchior/302118.png|http://tamarindos.com.br/imagems/AnaMunoz/Belchior/302119.png|http://tamarindos.com.br/imagems/AnaMunoz/Belchior/302120.png;;;;;;;;;;MLB186461;;;;
BL-302121.302122.302123;Kit 3 Capas de Almofada Vivace 43 x 43 cm Branco, Azul, Bege;Kit 3 Capas de Almofada Vivace Bege;As almofadas da Belchior se caracterizam pela ótima qualidade. Todas possuem zíper invisível e excelente acabamento. Além disso, possuem o tamanho perfeito para decorar qualquer ambiente, seja sofá, cama, chão ou onde você preferir. Aproveite! :)<br/><str;Belchior;Belchior;15;99999;1;20;15;3;;BL-302121.302122.302123;Kit 3 Capas de Almofada Vivace 43 x 43 cm Branco, Azul, Bege;;6304.93.00;;0;http://tamarindos.com.br/imagems/AnaMunoz/Belchior/Kit_36.png|http://tamarindos.com.br/imagems/AnaMunoz/Belchior/302121.png|http://tamarindos.com.br/imagems/AnaMunoz/Belchior/302122.png|http://tamarindos.com.br/imagems/AnaMunoz/Belchior/302123.png;;;;;;;;;;MLB186461;;;;
BL-302124.302125.302126;Kit 3 Capas de Almofada Vivace 43 x 43 cm Vermelho, Preto;Kit 3 Capas de Almofada Vivace Vermelho, Preto;As almofadas da Belchior se caracterizam pela ótima qualidade. Todas possuem zíper invisível e excelente acabamento. Além disso, possuem o tamanho perfeito para decorar qualquer ambiente, seja sofá, cama, chão ou onde você preferir. Aproveite! :)<br/><str;Belchior;Belchior;15;99999;1;20;15;3;;BL-302124.302125.302126;Kit 3 Capas de Almofada Vivace 43 x 43 cm Vermelho, Preto;;6304.93.00;;0;http://tamarindos.com.br/imagems/AnaMunoz/Belchior/Kit_37.png|http://tamarindos.com.br/imagems/AnaMunoz/Belchior/302124.png|http://tamarindos.com.br/imagems/AnaMunoz/Belchior/302125.png|http://tamarindos.com.br/imagems/AnaMunoz/Belchior/302126.png;;;;;;;;;;MLB186461;;;;
BL-302127.302128.302129;Kit 3 Capas de Almofada Vivace 43 x 43 cm Vermelho, Preto;Kit 3 Capas de Almofada Vivace Vermelho, Preto;As almofadas da Belchior se caracterizam pela ótima qualidade. Todas possuem zíper invisível e excelente acabamento. Além disso, possuem o tamanho perfeito para decorar qualquer ambiente, seja sofá, cama, chão ou onde você preferir. Aproveite! :)<br/><str;Belchior;Belchior;15;99999;1;20;15;3;;BL-302127.302128.302129;Kit 3 Capas de Almofada Vivace 43 x 43 cm Vermelho, Preto;;6304.93.00;;0;http://tamarindos.com.br/imagems/AnaMunoz/Belchior/Kit_38.png|http://tamarindos.com.br/imagems/AnaMunoz/Belchior/302127.png|http://tamarindos.com.br/imagems/AnaMunoz/Belchior/302128.png|http://tamarindos.com.br/imagems/AnaMunoz/Belchior/302129.png;;;;;;;;;;MLB186461;;;;
BL-363016.363017.363018;Kit 3 Capas de Almofada Florida 43 x 43 cm Amarelo, Cinza, Branco;Kit 3 Capas de Almofada Florida Amarelo, Cinza;As almofadas da Belchior se caracterizam pela ótima qualidade. Todas possuem zíper invisível e excelente acabamento. Além disso, possuem o tamanho perfeito para decorar qualquer ambiente, seja sofá, cama, chão ou onde você preferir. Aproveite! :)<br/><str;Belchior;Belchior;15;99999;1;20;15;3;;BL-363016.363017.363018;Kit 3 Capas de Almofada Florida 43 x 43 cm Amarelo, Cinza, Branco;;6304.93.00;;0;http://tamarindos.com.br/imagems/AnaMunoz/Belchior/Kit_39.png|http://tamarindos.com.br/imagems/AnaMunoz/Belchior/363016.png|http://tamarindos.com.br/imagems/AnaMunoz/Belchior/363017.png|http://tamarindos.com.br/imagems/AnaMunoz/Belchior/363018.png;;;;;;;;;;MLB186461;;;;
BL-363025.363026.363027;Kit 3 Capas de Almofada Florida 43 x 43 cm Azul, Branco, Vermelho;Kit 3 Capas de Almofada Florida Azul, Vermelho;As almofadas da Belchior se caracterizam pela ótima qualidade. Todas possuem zíper invisível e excelente acabamento. Além disso, possuem o tamanho perfeito para decorar qualquer ambiente, seja sofá, cama, chão ou onde você preferir. Aproveite! :)<br/><str;Belchior;Belchior;15;99999;1;20;15;3;;BL-363025.363026.363027;Kit 3 Capas de Almofada Florida 43 x 43 cm Azul, Branco, Vermelho;;6304.93.00;;0;http://tamarindos.com.br/imagems/AnaMunoz/Belchior/Kit_40.png|http://tamarindos.com.br/imagems/AnaMunoz/Belchior/363025.png|http://tamarindos.com.br/imagems/AnaMunoz/Belchior/363026.png|http://tamarindos.com.br/imagems/AnaMunoz/Belchior/363027.png;;;;;;;;;;MLB186461;;;;
BL-363028.363029.363030;Kit 3 Capas de Almofada Florida 43 x 43 cm Branco, Bege, Azul;Kit 3 Capas de Almofada Florida Bege;As almofadas da Belchior se caracterizam pela ótima qualidade. Todas possuem zíper invisível e excelente acabamento. Além disso, possuem o tamanho perfeito para decorar qualquer ambiente, seja sofá, cama, chão ou onde você preferir. Aproveite! :)<br/><str;Belchior;Belchior;15;99999;1;20;15;3;;BL-363028.363029.363030;Kit 3 Capas de Almofada Florida 43 x 43 cm Branco, Bege, Azul;;6304.93.00;;0;http://tamarindos.com.br/imagems/AnaMunoz/Belchior/Kit_41.png|http://tamarindos.com.br/imagems/AnaMunoz/Belchior/363028.png|http://tamarindos.com.br/imagems/AnaMunoz/Belchior/363029.png|http://tamarindos.com.br/imagems/AnaMunoz/Belchior/363030.png;;;;;;;;;;MLB186461;;;;
BL-367015.367016.367017;Kit 3 Capas de Almofada Colors Estampada 43 x 43 cm Rosa, Azul, Branco;Kit 3 Capas de Almofada Colors Estampada Azul, Rosa;As almofadas da Belchior se caracterizam pela ótima qualidade. Todas possuem zíper invisível e excelente acabamento. Além disso, possuem o tamanho perfeito para decorar qualquer ambiente, seja sofá, cama, chão ou onde você preferir. Aproveite! :)<br/><str;Belchior;Belchior;15;99999;1;20;15;3;;BL-367015.367016.367017;Kit 3 Capas de Almofada Colors Estampada 43 x 43 cm Rosa, Azul, Branco;;6304.93.00;;0;http://tamarindos.com.br/imagems/AnaMunoz/Belchior/Kit_42.png|http://tamarindos.com.br/imagems/AnaMunoz/Belchior/367015.png|http://tamarindos.com.br/imagems/AnaMunoz/Belchior/367016.png|http://tamarindos.com.br/imagems/AnaMunoz/Belchior/367017.png;;;;;;;;;;MLB186461;;;;
BL-367018.367019.367020;Kit 3 Capas de Almofada Colors Estampada 43 x 43 cm Rosa, Branco, Preto;Kit 3 Capas de Almofada Colors Estampada Rosa;As almofadas da Belchior se caracterizam pela ótima qualidade. Todas possuem zíper invisível e excelente acabamento. Além disso, possuem o tamanho perfeito para decorar qualquer ambiente, seja sofá, cama, chão ou onde você preferir. Aproveite! :)<br/><str;Belchior;Belchior;15;99999;1;20;15;3;;BL-367018.367019.367020;Kit 3 Capas de Almofada Colors Estampada 43 x 43 cm Rosa, Branco, Preto;;6304.93.00;;0;http://tamarindos.com.br/imagems/AnaMunoz/Belchior/Kit_43.png|http://tamarindos.com.br/imagems/AnaMunoz/Belchior/367018.png|http://tamarindos.com.br/imagems/AnaMunoz/Belchior/367019.png|http://tamarindos.com.br/imagems/AnaMunoz/Belchior/367020.png;;;;;;;;;;MLB186461;;;;
BL-367021.367022.367023;Kit 3 Capas de Almofada Colors Estampada 43 x 43 cm Marrom, Bege;Kit 3 Capas de Almofada Colors Estampada Marrom;As almofadas da Belchior se caracterizam pela ótima qualidade. Todas possuem zíper invisível e excelente acabamento. Além disso, possuem o tamanho perfeito para decorar qualquer ambiente, seja sofá, cama, chão ou onde você preferir. Aproveite! :)<br/><str;Belchior;Belchior;15;99999;1;20;15;3;;BL-367021.367022.367023;Kit 3 Capas de Almofada Colors Estampada 43 x 43 cm Marrom, Bege;;6304.93.00;;0;http://tamarindos.com.br/imagems/AnaMunoz/Belchior/Kit_44.png|http://tamarindos.com.br/imagems/AnaMunoz/Belchior/367021.png|http://tamarindos.com.br/imagems/AnaMunoz/Belchior/367022.png|http://tamarindos.com.br/imagems/AnaMunoz/Belchior/367023.png;;;;;;;;;;MLB186461;;;;
BL-367024.367025.367026;Kit 3 Capas de Almofada Colors Estampada 43 x 43 cm Azul, Branco;Kit 3 Capas de Almofada Colors Estampada Azul;As almofadas da Belchior se caracterizam pela ótima qualidade. Todas possuem zíper invisível e excelente acabamento. Além disso, possuem o tamanho perfeito para decorar qualquer ambiente, seja sofá, cama, chão ou onde você preferir. Aproveite! :)<br/><str;Belchior;Belchior;15;99999;1;20;15;3;;BL-367024.367025.367026;Kit 3 Capas de Almofada Colors Estampada 43 x 43 cm Azul, Branco;;6304.93.00;;0;http://tamarindos.com.br/imagems/AnaMunoz/Belchior/Kit_45.png|http://tamarindos.com.br/imagems/AnaMunoz/Belchior/367024.png|http://tamarindos.com.br/imagems/AnaMunoz/Belchior/367025.png|http://tamarindos.com.br/imagems/AnaMunoz/Belchior/367026.png;;;;;;;;;;MLB186461;;;;
BL-363013.363014.363015;Kit 3 Capas de Almofada Florida 43 x 43 cm Branco, Preto;Kit 3 Capas de Almofada Florida Branco;As almofadas da Belchior se caracterizam pela ótima qualidade. Todas possuem zíper invisível e excelente acabamento. Além disso, possuem o tamanho perfeito para decorar qualquer ambiente, seja sofá, cama, chão ou onde você preferir. Aproveite! :)<br/><str;Belchior;Belchior;15;99999;1;20;15;3;;BL-363013.363014.363015;Kit 3 Capas de Almofada Florida 43 x 43 cm Branco, Preto;;6304.93.00;;0;http://tamarindos.com.br/imagems/AnaMunoz/Belchior/Kit_46.png|http://tamarindos.com.br/imagems/AnaMunoz/Belchior/363013.png|http://tamarindos.com.br/imagems/AnaMunoz/Belchior/363014.png|http://tamarindos.com.br/imagems/AnaMunoz/Belchior/363015.png;;;;;;;;;;MLB186461;;;;
BL-363019.363020.363021;Kit 3 Capas de Almofada Florida 43 x 43 cm Vermelho, Azul, Branco;Kit 3 Capas de Almofada Florida Vermelho;As almofadas da Belchior se caracterizam pela ótima qualidade. Todas possuem zíper invisível e excelente acabamento. Além disso, possuem o tamanho perfeito para decorar qualquer ambiente, seja sofá, cama, chão ou onde você preferir. Aproveite! :)<br/><str;Belchior;Belchior;15;99999;1;20;15;3;;BL-363019.363020.363021;Kit 3 Capas de Almofada Florida 43 x 43 cm Vermelho, Azul, Branco;;6304.93.00;;0;http://tamarindos.com.br/imagems/AnaMunoz/Belchior/Kit_47.png|http://tamarindos.com.br/imagems/AnaMunoz/Belchior/363019.png|http://tamarindos.com.br/imagems/AnaMunoz/Belchior/363020.png|http://tamarindos.com.br/imagems/AnaMunoz/Belchior/363021.png;;;;;;;;;;MLB186461;;;;
BL-363022.363023.363024;Kit 3 Capas de Almofada Florida 43 x 43 cm Azul, Bege, Amarelo;Kit 3 Capas de Almofada Florida Azul;As almofadas da Belchior se caracterizam pela ótima qualidade. Todas possuem zíper invisível e excelente acabamento. Além disso, possuem o tamanho perfeito para decorar qualquer ambiente, seja sofá, cama, chão ou onde você preferir. Aproveite! :)<br/><str;Belchior;Belchior;15;99999;1;20;15;3;;BL-363022.363023.363024;Kit 3 Capas de Almofada Florida 43 x 43 cm Azul, Bege, Amarelo;;6304.93.00;;0;http://tamarindos.com.br/imagems/AnaMunoz/Belchior/Kit_48.png|http://tamarindos.com.br/imagems/AnaMunoz/Belchior/363022.png|http://tamarindos.com.br/imagems/AnaMunoz/Belchior/363023.png|http://tamarindos.com.br/imagems/AnaMunoz/Belchior/363024.png;;;;;;;;;;MLB186461;;;;
BL-367027.367028.367029;Kit 3 Capas de Almofada Colors Estampada 43 x 43 cm Preto, Branco, Amarelo;Kit 3 Capas de Almofada Colors Estampada Preto;As almofadas da Belchior se caracterizam pela ótima qualidade. Todas possuem zíper invisível e excelente acabamento. Além disso, possuem o tamanho perfeito para decorar qualquer ambiente, seja sofá, cama, chão ou onde você preferir. Aproveite! :)<br/><str;Belchior;Belchior;15;99999;1;20;15;3;;BL-367027.367028.367029;Kit 3 Capas de Almofada Colors Estampada 43 x 43 cm Preto, Branco, Amarelo;;6304.93.00;;0;http://tamarindos.com.br/imagems/AnaMunoz/Belchior/Kit_49.png|http://tamarindos.com.br/imagems/AnaMunoz/Belchior/367027.png|http://tamarindos.com.br/imagems/AnaMunoz/Belchior/367028.png|http://tamarindos.com.br/imagems/AnaMunoz/Belchior/367029.png;;;;;;;;;;MLB186461;;;;
BL-369034.369035.369036;Kit 3 Capas de Almofada Design 43 x 43 cm Preto, Bege, Branco;Kit 3 Capas de Almofada Design Preto;As almofadas da Belchior se caracterizam pela ótima qualidade. Todas possuem zíper invisível e excelente acabamento. Além disso, possuem o tamanho perfeito para decorar qualquer ambiente, seja sofá, cama, chão ou onde você preferir. Aproveite! :)<br/><str;Belchior;Belchior;15;99999;1;20;15;3;;BL-369034.369035.369036;Kit 3 Capas de Almofada Design 43 x 43 cm Preto, Bege, Branco;;6304.93.00;;0;http://tamarindos.com.br/imagems/AnaMunoz/Belchior/Kit_50.png|http://tamarindos.com.br/imagems/AnaMunoz/Belchior/369034.png|http://tamarindos.com.br/imagems/AnaMunoz/Belchior/369035.png|http://tamarindos.com.br/imagems/AnaMunoz/Belchior/369036.png;;;;;;;;;;MLB186461;;;;
BL-370013.370014.370015;Kit 3 Capas de Almofada Foil 43 x 43 cm Preto, Dourado, Branco;Kit 3 Capas de Almofada Foil Preto;As almofadas da Belchior se caracterizam pela ótima qualidade. Todas possuem zíper invisível e excelente acabamento. Além disso, possuem o tamanho perfeito para decorar qualquer ambiente, seja sofá, cama, chão ou onde você preferir. Aproveite! :)<br/><str;Belchior;Belchior;15;99999;1;20;15;3;;BL-370013.370014.370015;Kit 3 Capas de Almofada Foil 43 x 43 cm Preto, Dourado, Branco;;6304.93.00;;0;http://tamarindos.com.br/imagems/AnaMunoz/Belchior/Kit_51.png|http://tamarindos.com.br/imagems/AnaMunoz/Belchior/370013.png|http://tamarindos.com.br/imagems/AnaMunoz/Belchior/370014.png|http://tamarindos.com.br/imagems/AnaMunoz/Belchior/370015.png;;;;;;;;;;MLB186461;;;;
BL-370016.370017.370018;Kit 3 Capas de Almofada Foil 43 x 43 cm Preto, Bronze;Kit 3 Capas de Almofada Foil Preto;As almofadas da Belchior se caracterizam pela ótima qualidade. Todas possuem zíper invisível e excelente acabamento. Além disso, possuem o tamanho perfeito para decorar qualquer ambiente, seja sofá, cama, chão ou onde você preferir. Aproveite! :)<br/><str;Belchior;Belchior;15;99999;1;20;15;3;;BL-370016.370017.370018;Kit 3 Capas de Almofada Foil 43 x 43 cm Preto, Bronze;;6304.93.00;;0;http://tamarindos.com.br/imagems/AnaMunoz/Belchior/Kit_52.png|http://tamarindos.com.br/imagems/AnaMunoz/Belchior/370016.png|http://tamarindos.com.br/imagems/AnaMunoz/Belchior/370017.png|http://tamarindos.com.br/imagems/AnaMunoz/Belchior/370018.png;;;;;;;;;;MLB186461;;;;
BL-370019.370020.370021;Kit 3 Capas de Almofada Foil 43 x 43 cm Preto, Dourado, Branco;Kit 3 Capas de Almofada Foil Preto;As almofadas da Belchior se caracterizam pela ótima qualidade. Todas possuem zíper invisível e excelente acabamento. Além disso, possuem o tamanho perfeito para decorar qualquer ambiente, seja sofá, cama, chão ou onde você preferir. Aproveite! :)<br/><str;Belchior;Belchior;15;99999;1;20;15;3;;BL-370019.370020.370021;Kit 3 Capas de Almofada Foil 43 x 43 cm Preto, Dourado, Branco;;6304.93.00;;0;http://tamarindos.com.br/imagems/AnaMunoz/Belchior/Kit_53.png|http://tamarindos.com.br/imagems/AnaMunoz/Belchior/370019.png|http://tamarindos.com.br/imagems/AnaMunoz/Belchior/370020.png|http://tamarindos.com.br/imagems/AnaMunoz/Belchior/370021.png;;;;;;;;;;MLB186461;;;;
BL-372148.372149.372150;Kit 3 Capas de Almofada Veludo France 43 x 43 cm Preto, Vermelho, Branco;Kit 3 Capas de Almofada Veludo France Preto;As almofadas da Belchior se caracterizam pela ótima qualidade. Todas possuem zíper invisível e excelente acabamento. Além disso, possuem o tamanho perfeito para decorar qualquer ambiente, seja sofá, cama, chão ou onde você preferir. Aproveite! :)<br/><str;Belchior;Belchior;15;99999;1;20;15;3;;BL-372148.372149.372150;Kit 3 Capas de Almofada Veludo France 43 x 43 cm Preto, Vermelho, Branco;;6304.93.00;;0;http://tamarindos.com.br/imagems/AnaMunoz/Belchior/Kit_54.png|http://tamarindos.com.br/imagems/AnaMunoz/Belchior/372148.png|http://tamarindos.com.br/imagems/AnaMunoz/Belchior/372149.png|http://tamarindos.com.br/imagems/AnaMunoz/Belchior/372150.png;;;;;;;;;;MLB186461;;;;
BL-372175.372176.372177;Kit 3 Capas de Almofada Velveteen 43 x 43 cm Azul, Vermelho, Branco;Kit 3 Capas de Almofada Velveteen Azul;As almofadas da Belchior se caracterizam pela ótima qualidade. Todas possuem zíper invisível e excelente acabamento. Além disso, possuem o tamanho perfeito para decorar qualquer ambiente, seja sofá, cama, chão ou onde você preferir. Aproveite! :)<br/><str;Belchior;Belchior;15;99999;1;20;15;3;;BL-372175.372176.372177;Kit 3 Capas de Almofada Velveteen 43 x 43 cm Azul, Vermelho, Branco;;6304.93.00;;0;http://tamarindos.com.br/imagems/AnaMunoz/Belchior/Kit_55.png|http://tamarindos.com.br/imagems/AnaMunoz/Belchior/372175.png|http://tamarindos.com.br/imagems/AnaMunoz/Belchior/372176.png|http://tamarindos.com.br/imagems/AnaMunoz/Belchior/372177.png;;;;;;;;;;MLB186461;;;;
BL-472121.472122.472123;Kit 3 Almofadas Veludo Premium 43 x 43 cm Preto, Vermelho, Cinza;Kit 3 Almofadas Veludo Premium Preto;As almofadas da Belchior se caracterizam pela ótima qualidade. Todas possuem zíper invisível, excelente acabamento e enchimento que deixa ela macia e volumosa! Além disso, possuem o tamanho perfeito para decorar qualquer ambiente, seja sofá, cama, chão ou;Belchior;Belchior;15;99999;1;43;43;30;;BL-472121.472122.472123;Kit 3 Almofadas Veludo Premium 43 x 43 cm Preto, Vermelho, Cinza;;9404.90.00;;0;http://tamarindos.com.br/imagems/AnaMunoz/Belchior/Kit_1.png|http://tamarindos.com.br/imagems/AnaMunoz/Belchior/372121.png|http://tamarindos.com.br/imagems/AnaMunoz/Belchior/372122.png|http://tamarindos.com.br/imagems/AnaMunoz/Belchior/372123.png;;;;;;;;;;MLB186462;;;;
BL-472127.472131.472132;Kit 3 Almofadas Veludo Premium 43 x 43 cm Amarelo, Cinza, Branco;Kit 3 Almofadas Veludo Premium Amarelo;As almofadas da Belchior se caracterizam pela ótima qualidade. Todas possuem zíper invisível, excelente acabamento e enchimento que deixa ela macia e volumosa! Além disso, possuem o tamanho perfeito para decorar qualquer ambiente, seja sofá, cama, chão ou;Belchior;Belchior;15;99999;1;43;43;30;;BL-472127.472131.472132;Kit 3 Almofadas Veludo Premium 43 x 43 cm Amarelo, Cinza, Branco;;9404.90.00;;0;http://tamarindos.com.br/imagems/AnaMunoz/Belchior/Kit_2.png|http://tamarindos.com.br/imagems/AnaMunoz/Belchior/372127.png|http://tamarindos.com.br/imagems/AnaMunoz/Belchior/372131.png|http://tamarindos.com.br/imagems/AnaMunoz/Belchior/372132.png;;;;;;;;;;MLB186462;;;;
BL-472128.472129.472130;Kit 3 Almofadas Veludo Premium 43 x 43 cm Cinza, Amarelo, Branco;Kit 3 Almofadas Veludo Premium Cinza;As almofadas da Belchior se caracterizam pela ótima qualidade. Todas possuem zíper invisível, excelente acabamento e enchimento que deixa ela macia e volumosa! Além disso, possuem o tamanho perfeito para decorar qualquer ambiente, seja sofá, cama, chão ou;Belchior;Belchior;15;99999;1;43;43;30;;BL-472128.472129.472130;Kit 3 Almofadas Veludo Premium 43 x 43 cm Cinza, Amarelo, Branco;;9404.90.00;;0;http://tamarindos.com.br/imagems/AnaMunoz/Belchior/Kit_3.png|http://tamarindos.com.br/imagems/AnaMunoz/Belchior/372128.png|http://tamarindos.com.br/imagems/AnaMunoz/Belchior/372129.png|http://tamarindos.com.br/imagems/AnaMunoz/Belchior/372130.png;;;;;;;;;;MLB186462;;;;
BL-472133.472134.472135;Kit 3 Almofadas Veludo Premium 43 x 43 cm Cinza, Azul, Branco;Kit 3 Almofadas Veludo Premium Cinza;As almofadas da Belchior se caracterizam pela ótima qualidade. Todas possuem zíper invisível, excelente acabamento e enchimento que deixa ela macia e volumosa! Além disso, possuem o tamanho perfeito para decorar qualquer ambiente, seja sofá, cama, chão ou;Belchior;Belchior;15;99999;1;43;43;30;;BL-472133.472134.472135;Kit 3 Almofadas Veludo Premium 43 x 43 cm Cinza, Azul, Branco;;9404.90.00;;0;http://tamarindos.com.br/imagems/AnaMunoz/Belchior/Kit_4.png|http://tamarindos.com.br/imagems/AnaMunoz/Belchior/372133.png|http://tamarindos.com.br/imagems/AnaMunoz/Belchior/372134.png|http://tamarindos.com.br/imagems/AnaMunoz/Belchior/372135.png;;;;;;;;;;MLB186462;;;;
BL-472136.472137.472138;Kit 3 Almofadas Veludo Premium 43 x 43 cm Azul, Cinza, Branco;Kit 3 Almofadas Veludo Premium Azul;As almofadas da Belchior se caracterizam pela ótima qualidade. Todas possuem zíper invisível, excelente acabamento e enchimento que deixa ela macia e volumosa! Além disso, possuem o tamanho perfeito para decorar qualquer ambiente, seja sofá, cama, chão ou;Belchior;Belchior;15;99999;1;43;43;30;;BL-472136.472137.472138;Kit 3 Almofadas Veludo Premium 43 x 43 cm Azul, Cinza, Branco;;9404.90.00;;0;http://tamarindos.com.br/imagems/AnaMunoz/Belchior/Kit_5.png|http://tamarindos.com.br/imagems/AnaMunoz/Belchior/372136.png|http://tamarindos.com.br/imagems/AnaMunoz/Belchior/372137.png|http://tamarindos.com.br/imagems/AnaMunoz/Belchior/372138.png;;;;;;;;;;MLB186462;;;;
BL-472139.472140.472141;Kit 3 Almofadas Veludo Premium 43 x 43 cm Branco, Preto, Bege;Kit 3 Almofadas Veludo Premium Branco;As almofadas da Belchior se caracterizam pela ótima qualidade. Todas possuem zíper invisível, excelente acabamento e enchimento que deixa ela macia e volumosa! Além disso, possuem o tamanho perfeito para decorar qualquer ambiente, seja sofá, cama, chão ou;Belchior;Belchior;15;99999;1;43;43;30;;BL-472139.472140.472141;Kit 3 Almofadas Veludo Premium 43 x 43 cm Branco, Preto, Bege;;9404.90.00;;0;http://tamarindos.com.br/imagems/AnaMunoz/Belchior/Kit_6.png|http://tamarindos.com.br/imagems/AnaMunoz/Belchior/372139.png|http://tamarindos.com.br/imagems/AnaMunoz/Belchior/372140.png|http://tamarindos.com.br/imagems/AnaMunoz/Belchior/372141.png;;;;;;;;;;MLB186462;;;;
BL-472142.472143.472144;Kit 3 Almofadas Veludo Premium Cachorros 43 x 43 cm Branco, Preto;Kit 3 Almofadas Veludo Premium Cachorros Branco;As almofadas da Belchior se caracterizam pela ótima qualidade. Todas possuem zíper invisível, excelente acabamento e enchimento que deixa ela macia e volumosa! Além disso, possuem o tamanho perfeito para decorar qualquer ambiente, seja sofá, cama, chão ou;Belchior;Belchior;15;99999;1;43;43;30;;BL-472142.472143.472144;Kit 3 Almofadas Veludo Premium Cachorros 43 x 43 cm Branco, Preto;;9404.90.00;;0;http://tamarindos.com.br/imagems/AnaMunoz/Belchior/Kit_7.png|http://tamarindos.com.br/imagems/AnaMunoz/Belchior/372142.png|http://tamarindos.com.br/imagems/AnaMunoz/Belchior/372143.png|http://tamarindos.com.br/imagems/AnaMunoz/Belchior/372144.png;;;;;;;;;;MLB186462;;;;
BL-472145.472146.472147;Kit 3 Almofadas Veludo Premium Fashion 43 x 43 cm Preto, Branco, Vermelho;Kit 3 Almofadas Veludo Premium Fashion Preto;As almofadas da Belchior se caracterizam pela ótima qualidade. Todas possuem zíper invisível, excelente acabamento e enchimento que deixa ela macia e volumosa! Além disso, possuem o tamanho perfeito para decorar qualquer ambiente, seja sofá, cama, chão ou;Belchior;Belchior;15;99999;1;43;43;30;;BL-472145.472146.472147;Kit 3 Almofadas Veludo Premium Fashion 43 x 43 cm Preto, Branco, Vermelho;;9404.90.00;;0;http://tamarindos.com.br/imagems/AnaMunoz/Belchior/Kit_8.png|http://tamarindos.com.br/imagems/AnaMunoz/Belchior/372145.png|http://tamarindos.com.br/imagems/AnaMunoz/Belchior/372146.png|http://tamarindos.com.br/imagems/AnaMunoz/Belchior/372147.png;;;;;;;;;;MLB186462;;;;
BL-472151.472152.472153;Kit 3 Almofadas Velveteen 43 x 43 cm Amarelo, Cinza;Kit 3 Almofadas Velveteen Amarelo;As almofadas da Belchior se caracterizam pela ótima qualidade. Todas possuem zíper invisível, excelente acabamento e enchimento que deixa ela macia e volumosa! Além disso, possuem o tamanho perfeito para decorar qualquer ambiente, seja sofá, cama, chão ou;Belchior;Belchior;15;99999;1;43;43;30;;BL-472151.472152.472153;Kit 3 Almofadas Velveteen 43 x 43 cm Amarelo, Cinza;;9404.90.00;;0;http://tamarindos.com.br/imagems/AnaMunoz/Belchior/Kit_9.png|http://tamarindos.com.br/imagems/AnaMunoz/Belchior/372151.png|http://tamarindos.com.br/imagems/AnaMunoz/Belchior/372152.png|http://tamarindos.com.br/imagems/AnaMunoz/Belchior/372153.png;;;;;;;;;;MLB186462;;;;
BL-472154.472155.472156;Kit 3 Almofadas Velveteen 43 x 43 cm Branco, Preto;Kit 3 Almofadas Velveteen Branco;As almofadas da Belchior se caracterizam pela ótima qualidade. Todas possuem zíper invisível, excelente acabamento e enchimento que deixa ela macia e volumosa! Além disso, possuem o tamanho perfeito para decorar qualquer ambiente, seja sofá, cama, chão ou;Belchior;Belchior;15;99999;1;43;43;30;;BL-472154.472155.472156;Kit 3 Almofadas Velveteen 43 x 43 cm Branco, Preto;;9404.90.00;;0;http://tamarindos.com.br/imagems/AnaMunoz/Belchior/Kit_10.png|http://tamarindos.com.br/imagems/AnaMunoz/Belchior/372154.png|http://tamarindos.com.br/imagems/AnaMunoz/Belchior/372155.png|http://tamarindos.com.br/imagems/AnaMunoz/Belchior/372156.png;;;;;;;;;;MLB186462;;;;
BL-472157.472158.472159;Kit 3 Almofadas Velveteen 43 x 43 cm Cinza, Laranja, Preto, Branco;Kit 3 Almofadas Velveteen Cinza;As almofadas da Belchior se caracterizam pela ótima qualidade. Todas possuem zíper invisível, excelente acabamento e enchimento que deixa ela macia e volumosa! Além disso, possuem o tamanho perfeito para decorar qualquer ambiente, seja sofá, cama, chão ou;Belchior;Belchior;15;99999;1;43;43;30;;BL-472157.472158.472159;Kit 3 Almofadas Velveteen 43 x 43 cm Cinza, Laranja, Preto, Branco;;9404.90.00;;0;http://tamarindos.com.br/imagems/AnaMunoz/Belchior/Kit_11.png|http://tamarindos.com.br/imagems/AnaMunoz/Belchior/372157.png|http://tamarindos.com.br/imagems/AnaMunoz/Belchior/372158.png|http://tamarindos.com.br/imagems/AnaMunoz/Belchior/372159.png;;;;;;;;;;MLB186462;;;;
BL-472160.472161.472162;Kit 3 Almofadas Velveteen 43 x 43 cm Laranja, Cinza, Beg,, Branco;Kit 3 Almofadas Velveteen Laranja;As almofadas da Belchior se caracterizam pela ótima qualidade. Todas possuem zíper invisível, excelente acabamento e enchimento que deixa ela macia e volumosa! Além disso, possuem o tamanho perfeito para decorar qualquer ambiente, seja sofá, cama, chão ou;Belchior;Belchior;15;99999;1;43;43;30;;BL-472160.472161.472162;Kit 3 Almofadas Velveteen 43 x 43 cm Laranja, Cinza, Beg,, Branco;;9404.90.00;;0;http://tamarindos.com.br/imagems/AnaMunoz/Belchior/Kit_12.png|http://tamarindos.com.br/imagems/AnaMunoz/Belchior/372160.png|http://tamarindos.com.br/imagems/AnaMunoz/Belchior/372161.png|http://tamarindos.com.br/imagems/AnaMunoz/Belchior/372162.png;;;;;;;;;;MLB186462;;;;
BL-472163.472164.472165;Kit 3 Almofadas Velveteen 43 x 43 cm Azul Tiffany, Preto, Branco;Kit 3 Almofadas Velveteen Azul Tiffany;As almofadas da Belchior se caracterizam pela ótima qualidade. Todas possuem zíper invisível, excelente acabamento e enchimento que deixa ela macia e volumosa! Além disso, possuem o tamanho perfeito para decorar qualquer ambiente, seja sofá, cama, chão ou;Belchior;Belchior;15;99999;1;43;43;30;;BL-472163.472164.472165;Kit 3 Almofadas Velveteen 43 x 43 cm Azul Tiffany, Preto, Branco;;9404.90.00;;0;http://tamarindos.com.br/imagems/AnaMunoz/Belchior/Kit_13.png|http://tamarindos.com.br/imagems/AnaMunoz/Belchior/372163.png|http://tamarindos.com.br/imagems/AnaMunoz/Belchior/372164.png|http://tamarindos.com.br/imagems/AnaMunoz/Belchior/372165.png;;;;;;;;;;MLB186462;;;;
BL-472166.472167.472168;Kit 3 Almofadas Velveteen 43 x 43 cm Vermelho, Branco, Cinza, Amarelo;Kit 3 Almofadas Velveteen Vermelho;As almofadas da Belchior se caracterizam pela ótima qualidade. Todas possuem zíper invisível, excelente acabamento e enchimento que deixa ela macia e volumosa! Além disso, possuem o tamanho perfeito para decorar qualquer ambiente, seja sofá, cama, chão ou;Belchior;Belchior;15;99999;1;43;43;30;;BL-472166.472167.472168;Kit 3 Almofadas Velveteen 43 x 43 cm Vermelho, Branco, Cinza, Amarelo;;9404.90.00;;0;http://tamarindos.com.br/imagems/AnaMunoz/Belchior/Kit_14.png|http://tamarindos.com.br/imagems/AnaMunoz/Belchior/372166.png|http://tamarindos.com.br/imagems/AnaMunoz/Belchior/372167.png|http://tamarindos.com.br/imagems/AnaMunoz/Belchior/372168.png;;;;;;;;;;MLB186462;;;;
BL-472169.472170.472171;Kit 3 Almofadas Velveteen 43 x 43 cm Branco, Preto, Bege;Kit 3 Almofadas Velveteen Branco e Preto;As almofadas da Belchior se caracterizam pela ótima qualidade. Todas possuem zíper invisível, excelente acabamento e enchimento que deixa ela macia e volumosa! Além disso, possuem o tamanho perfeito para decorar qualquer ambiente, seja sofá, cama, chão ou;Belchior;Belchior;15;99999;1;43;43;30;;BL-472169.472170.472171;Kit 3 Almofadas Velveteen 43 x 43 cm Branco, Preto, Bege;;9404.90.00;;0;http://tamarindos.com.br/imagems/AnaMunoz/Belchior/Kit_15.png|http://tamarindos.com.br/imagems/AnaMunoz/Belchior/372169.png|http://tamarindos.com.br/imagems/AnaMunoz/Belchior/372170.png|http://tamarindos.com.br/imagems/AnaMunoz/Belchior/372171.png;;;;;;;;;;MLB186462;;;;
BL-472172.472173.472174;Kit 3 Almofadas Velveteen 43 x 43 cm Preto, Branco, Bege;Kit 3 Almofadas Velveteen Preto e Branco;As almofadas da Belchior se caracterizam pela ótima qualidade. Todas possuem zíper invisível, excelente acabamento e enchimento que deixa ela macia e volumosa! Além disso, possuem o tamanho perfeito para decorar qualquer ambiente, seja sofá, cama, chão ou;Belchior;Belchior;15;99999;1;43;43;30;;BL-472172.472173.472174;Kit 3 Almofadas Velveteen 43 x 43 cm Preto, Branco, Bege;;9404.90.00;;0;http://tamarindos.com.br/imagems/AnaMunoz/Belchior/Kit_16.png|http://tamarindos.com.br/imagems/AnaMunoz/Belchior/372172.png|http://tamarindos.com.br/imagems/AnaMunoz/Belchior/372173.png|http://tamarindos.com.br/imagems/AnaMunoz/Belchior/372174.png;;;;;;;;;;MLB186462;;;;
BL-478001.478002.478003;Kit 3 Almofadas Fantasy 43 x 43 cm Rosa, Azul, Amarelo, Branco, Roxo;Kit 3 Almofadas Fantasy Rosa e Azul;As almofadas da Belchior se caracterizam pela ótima qualidade. Todas possuem zíper invisível, excelente acabamento e enchimento que deixa ela macia e volumosa! Além disso, possuem o tamanho perfeito para decorar qualquer ambiente, seja sofá, cama, chão ou;Belchior;Belchior;15;99999;1;43;43;30;;BL-478001.478002.478003;Kit 3 Almofadas Fantasy 43 x 43 cm Rosa, Azul, Amarelo, Branco, Roxo;;9404.90.00;;0;http://tamarindos.com.br/imagems/AnaMunoz/Belchior/Kit_17.png|http://tamarindos.com.br/imagems/AnaMunoz/Belchior/378001.png|http://tamarindos.com.br/imagems/AnaMunoz/Belchior/378002.png|http://tamarindos.com.br/imagems/AnaMunoz/Belchior/378003.png;;;;;;;;;;MLB186462;;;;
BL-478004.478005.478006;Kit 3 Almofadas Fantasy 43 x 43 cm Roxo, Branco, Rosa, Amarelo, Azul, Bege;Kit 3 Almofadas Fantasy Roxo;As almofadas da Belchior se caracterizam pela ótima qualidade. Todas possuem zíper invisível, excelente acabamento e enchimento que deixa ela macia e volumosa! Além disso, possuem o tamanho perfeito para decorar qualquer ambiente, seja sofá, cama, chão ou;Belchior;Belchior;15;99999;1;43;43;30;;BL-478004.478005.478006;Kit 3 Almofadas Fantasy 43 x 43 cm Roxo, Branco, Rosa, Amarelo, Azul, Bege;;9404.90.00;;0;http://tamarindos.com.br/imagems/AnaMunoz/Belchior/Kit_18.png|http://tamarindos.com.br/imagems/AnaMunoz/Belchior/378004.png|http://tamarindos.com.br/imagems/AnaMunoz/Belchior/378005.png|http://tamarindos.com.br/imagems/AnaMunoz/Belchior/378006.png;;;;;;;;;;MLB186462;;;;
BL-478007.478008.478009;Kit 3 Almofadas Fantasy Lar Doce Lar 43 x 43 cm Branco, Preto, Rosa, Verde;Kit 3 Almofadas Fantasy Lar Doce Lar Branco;As almofadas da Belchior se caracterizam pela ótima qualidade. Todas possuem zíper invisível, excelente acabamento e enchimento que deixa ela macia e volumosa! Além disso, possuem o tamanho perfeito para decorar qualquer ambiente, seja sofá, cama, chão ou;Belchior;Belchior;15;99999;1;43;43;30;;BL-478007.478008.478009;Kit 3 Almofadas Fantasy Lar Doce Lar 43 x 43 cm Branco, Preto, Rosa, Verde;;9404.90.00;;0;http://tamarindos.com.br/imagems/AnaMunoz/Belchior/Kit_19.png|http://tamarindos.com.br/imagems/AnaMunoz/Belchior/378007.png|http://tamarindos.com.br/imagems/AnaMunoz/Belchior/378008.png|http://tamarindos.com.br/imagems/AnaMunoz/Belchior/378009.png;;;;;;;;;;MLB186462;;;;
BL-478010.478011.478012;Kit 3 Almofadas Fantasy 43 x 43 cm Branco, Preto, Amarelo, Rosa;Kit 3 Almofadas Fantasy Branco;As almofadas da Belchior se caracterizam pela ótima qualidade. Todas possuem zíper invisível, excelente acabamento e enchimento que deixa ela macia e volumosa! Além disso, possuem o tamanho perfeito para decorar qualquer ambiente, seja sofá, cama, chão ou;Belchior;Belchior;15;99999;1;43;43;30;;BL-478010.478011.478012;Kit 3 Almofadas Fantasy 43 x 43 cm Branco, Preto, Amarelo, Rosa;;9404.90.00;;0;http://tamarindos.com.br/imagems/AnaMunoz/Belchior/Kit_20.png|http://tamarindos.com.br/imagems/AnaMunoz/Belchior/378010.png|http://tamarindos.com.br/imagems/AnaMunoz/Belchior/378011.png|http://tamarindos.com.br/imagems/AnaMunoz/Belchior/378012.png;;;;;;;;;;MLB186462;;;;
BL-478013.478014.478015;Kit 3 Almofadas Fantasy Love 43 x 43 cm Rosa, Branco, Amarelo, Verde;Kit 3 Almofadas Fantasy Love Rosa;As almofadas da Belchior se caracterizam pela ótima qualidade. Todas possuem zíper invisível, excelente acabamento e enchimento que deixa ela macia e volumosa! Além disso, possuem o tamanho perfeito para decorar qualquer ambiente, seja sofá, cama, chão ou;Belchior;Belchior;15;99999;1;43;43;30;;BL-478013.478014.478015;Kit 3 Almofadas Fantasy Love 43 x 43 cm Rosa, Branco, Amarelo, Verde;;9404.90.00;;0;http://tamarindos.com.br/imagems/AnaMunoz/Belchior/Kit_21.png|http://tamarindos.com.br/imagems/AnaMunoz/Belchior/378013.png|http://tamarindos.com.br/imagems/AnaMunoz/Belchior/378014.png|http://tamarindos.com.br/imagems/AnaMunoz/Belchior/378015.png;;;;;;;;;;MLB186462;;;;
BL-467007.478016.478018;Kit 3 Almofadas Gato e Unicornio 43 x 43 cm Branco, Rosa, Preto;Kit 3 Almofadas Gato e Unicornio Rosa;As almofadas da Belchior se caracterizam pela ótima qualidade. Todas possuem zíper invisível, excelente acabamento e enchimento que deixa ela macia e volumosa! Além disso, possuem o tamanho perfeito para decorar qualquer ambiente, seja sofá, cama, chão ou;Belchior;Belchior;15;99999;1;43;43;30;;BL-467007.478016.478018;Kit 3 Almofadas Gato e Unicornio 43 x 43 cm Branco, Rosa, Preto;;9404.90.00;;0;http://tamarindos.com.br/imagems/AnaMunoz/Belchior/Kit_22.png|http://tamarindos.com.br/imagems/AnaMunoz/Belchior/367007.png|http://tamarindos.com.br/imagems/AnaMunoz/Belchior/378016.png|http://tamarindos.com.br/imagems/AnaMunoz/Belchior/378018.png;;;;;;;;;;MLB186462;;;;
BL-480001.480002.480003;Kit 3 Almofadas Harmony Penas 43 x 43 cm Branco, Azul, Roxo, Bege;Kit 3 Almofadas Harmony Penas Branco;As almofadas da Belchior se caracterizam pela ótima qualidade. Todas possuem zíper invisível, excelente acabamento e enchimento que deixa ela macia e volumosa! Além disso, possuem o tamanho perfeito para decorar qualquer ambiente, seja sofá, cama, chão ou;Belchior;Belchior;15;99999;1;43;43;30;;BL-480001.480002.480003;Kit 3 Almofadas Harmony Penas 43 x 43 cm Branco, Azul, Roxo, Bege;;9404.90.00;;0;http://tamarindos.com.br/imagems/AnaMunoz/Belchior/Kit_23.png|http://tamarindos.com.br/imagems/AnaMunoz/Belchior/380001.png|http://tamarindos.com.br/imagems/AnaMunoz/Belchior/380002.png|http://tamarindos.com.br/imagems/AnaMunoz/Belchior/380003.png;;;;;;;;;;MLB186462;;;;
BL-480004.480005.480006;Kit 3 Almofadas Harmony Flechas 43 x 43 cm Branco, Azul, Roxo, Bege;Kit 3 Almofadas Harmony Flechas Branco;As almofadas da Belchior se caracterizam pela ótima qualidade. Todas possuem zíper invisível, excelente acabamento e enchimento que deixa ela macia e volumosa! Além disso, possuem o tamanho perfeito para decorar qualquer ambiente, seja sofá, cama, chão ou;Belchior;Belchior;15;99999;1;43;43;30;;BL-480004.480005.480006;Kit 3 Almofadas Harmony Flechas 43 x 43 cm Branco, Azul, Roxo, Bege;;9404.90.00;;0;http://tamarindos.com.br/imagems/AnaMunoz/Belchior/Kit_24.png|http://tamarindos.com.br/imagems/AnaMunoz/Belchior/380004.png|http://tamarindos.com.br/imagems/AnaMunoz/Belchior/380005.png|http://tamarindos.com.br/imagems/AnaMunoz/Belchior/380006.png;;;;;;;;;;MLB186462;;;;
BL-480007.480008.480009;Kit 3 Almofadas Harmony Abacaxis 43 x 43 cm Branco, Amarelo, Verde;Kit 3 Almofadas Harmony Abacaxis Branco;As almofadas da Belchior se caracterizam pela ótima qualidade. Todas possuem zíper invisível, excelente acabamento e enchimento que deixa ela macia e volumosa! Além disso, possuem o tamanho perfeito para decorar qualquer ambiente, seja sofá, cama, chão ou;Belchior;Belchior;15;99999;1;43;43;30;;BL-480007.480008.480009;Kit 3 Almofadas Harmony Abacaxis 43 x 43 cm Branco, Amarelo, Verde;;9404.90.00;;0;http://tamarindos.com.br/imagems/AnaMunoz/Belchior/Kit_25.png|http://tamarindos.com.br/imagems/AnaMunoz/Belchior/380007.png|http://tamarindos.com.br/imagems/AnaMunoz/Belchior/380008.png|http://tamarindos.com.br/imagems/AnaMunoz/Belchior/380009.png;;;;;;;;;;MLB186462;;;;
BL-480010.480011.480012;Kit 3 Almofadas Harmony Cactus 43 x 43 cm Branco, Verde, Amarelo;Kit 3 Almofadas Harmony Cactus Branco;As almofadas da Belchior se caracterizam pela ótima qualidade. Todas possuem zíper invisível, excelente acabamento e enchimento que deixa ela macia e volumosa! Além disso, possuem o tamanho perfeito para decorar qualquer ambiente, seja sofá, cama, chão ou;Belchior;Belchior;15;99999;1;43;43;30;;BL-480010.480011.480012;Kit 3 Almofadas Harmony Cactus 43 x 43 cm Branco, Verde, Amarelo;;9404.90.00;;0;http://tamarindos.com.br/imagems/AnaMunoz/Belchior/Kit_26.png|http://tamarindos.com.br/imagems/AnaMunoz/Belchior/380010.png|http://tamarindos.com.br/imagems/AnaMunoz/Belchior/380011.png|http://tamarindos.com.br/imagems/AnaMunoz/Belchior/380012.png;;;;;;;;;;MLB186462;;;;
BL-480013.480014.480015;Kit 3 Almofadas Harmony Paris 43 x 43 cm Branco, Roxo, Rosa;Kit 3 Almofadas Harmony Paris Branco;As almofadas da Belchior se caracterizam pela ótima qualidade. Todas possuem zíper invisível, excelente acabamento e enchimento que deixa ela macia e volumosa! Além disso, possuem o tamanho perfeito para decorar qualquer ambiente, seja sofá, cama, chão ou;Belchior;Belchior;15;99999;1;43;43;30;;BL-480013.480014.480015;Kit 3 Almofadas Harmony Paris 43 x 43 cm Branco, Roxo, Rosa;;9404.90.00;;0;http://tamarindos.com.br/imagems/AnaMunoz/Belchior/Kit_27.png|http://tamarindos.com.br/imagems/AnaMunoz/Belchior/380013.png|http://tamarindos.com.br/imagems/AnaMunoz/Belchior/380014.png|http://tamarindos.com.br/imagems/AnaMunoz/Belchior/380015.png;;;;;;;;;;MLB186462;;;;
BL-480016.480017.480018;Kit 3 Almofadas Harmony Paris 43 x 43 cm Branco, Preto;Kit 3 Almofadas Harmony Paris Branco;As almofadas da Belchior se caracterizam pela ótima qualidade. Todas possuem zíper invisível, excelente acabamento e enchimento que deixa ela macia e volumosa! Além disso, possuem o tamanho perfeito para decorar qualquer ambiente, seja sofá, cama, chão ou;Belchior;Belchior;15;99999;1;43;43;30;;BL-480016.480017.480018;Kit 3 Almofadas Harmony Paris 43 x 43 cm Branco, Preto;;9404.90.00;;0;http://tamarindos.com.br/imagems/AnaMunoz/Belchior/Kit_28.png|http://tamarindos.com.br/imagems/AnaMunoz/Belchior/380016.png|http://tamarindos.com.br/imagems/AnaMunoz/Belchior/380017.png|http://tamarindos.com.br/imagems/AnaMunoz/Belchior/380018.png;;;;;;;;;;MLB186462;;;;
BL-402100.402101.402102;Kit 3 Almofadas Vivace Arabesco 43 x 43 cm Preto, Branco;Kit 3 Almofadas Vivace Arabesco Preto;As almofadas da Belchior se caracterizam pela ótima qualidade. Todas possuem zíper invisível, excelente acabamento e enchimento que deixa ela macia e volumosa! Além disso, possuem o tamanho perfeito para decorar qualquer ambiente, seja sofá, cama, chão ou;Belchior;Belchior;15;99999;1;43;43;30;;BL-402100.402101.402102;Kit 3 Almofadas Vivace Arabesco 43 x 43 cm Preto, Branco;;9404.90.00;;0;http://tamarindos.com.br/imagems/AnaMunoz/Belchior/Kit_29.png|http://tamarindos.com.br/imagems/AnaMunoz/Belchior/302100.png|http://tamarindos.com.br/imagems/AnaMunoz/Belchior/302101.png|http://tamarindos.com.br/imagems/AnaMunoz/Belchior/302102.png;;;;;;;;;;MLB186462;;;;
BL-402103.402104.402105;Kit 3 Almofadas Vivace 43 x 43 cm Preto e Branco;Kit 3 Almofadas Vivace Preto;As almofadas da Belchior se caracterizam pela ótima qualidade. Todas possuem zíper invisível, excelente acabamento e enchimento que deixa ela macia e volumosa! Além disso, possuem o tamanho perfeito para decorar qualquer ambiente, seja sofá, cama, chão ou;Belchior;Belchior;15;99999;1;43;43;30;;BL-402103.402104.402105;Kit 3 Almofadas Vivace 43 x 43 cm Preto e Branco;;9404.90.00;;0;http://tamarindos.com.br/imagems/AnaMunoz/Belchior/Kit_30.png|http://tamarindos.com.br/imagems/AnaMunoz/Belchior/302103.png|http://tamarindos.com.br/imagems/AnaMunoz/Belchior/302104.png|http://tamarindos.com.br/imagems/AnaMunoz/Belchior/302105.png;;;;;;;;;;MLB186462;;;;
BL-402106.402107.402108;Kit 3 Almofadas Vivace 43 x 43 cm Amarelo, Branco, Preto, Cinza;Kit 3 Almofadas Vivace Amarelo;As almofadas da Belchior se caracterizam pela ótima qualidade. Todas possuem zíper invisível, excelente acabamento e enchimento que deixa ela macia e volumosa! Além disso, possuem o tamanho perfeito para decorar qualquer ambiente, seja sofá, cama, chão ou;Belchior;Belchior;15;99999;1;43;43;30;;BL-402106.402107.402108;Kit 3 Almofadas Vivace 43 x 43 cm Amarelo, Branco, Preto, Cinza;;9404.90.00;;0;http://tamarindos.com.br/imagems/AnaMunoz/Belchior/Kit_31.png|http://tamarindos.com.br/imagems/AnaMunoz/Belchior/302106.png|http://tamarindos.com.br/imagems/AnaMunoz/Belchior/302107.png|http://tamarindos.com.br/imagems/AnaMunoz/Belchior/302108.png;;;;;;;;;;MLB186462;;;;
BL-402109.402110.402111;Kit 3 Almofadas Vivace Love This 43 x 43 cm Amarelo, Preto, Branco;Kit 3 Almofadas Vivace Love This Amarelo;As almofadas da Belchior se caracterizam pela ótima qualidade. Todas possuem zíper invisível, excelente acabamento e enchimento que deixa ela macia e volumosa! Além disso, possuem o tamanho perfeito para decorar qualquer ambiente, seja sofá, cama, chão ou;Belchior;Belchior;15;99999;1;43;43;30;;BL-402109.402110.402111;Kit 3 Almofadas Vivace Love This 43 x 43 cm Amarelo, Preto, Branco;;9404.90.00;;0;http://tamarindos.com.br/imagems/AnaMunoz/Belchior/Kit_32.png|http://tamarindos.com.br/imagems/AnaMunoz/Belchior/302109.png|http://tamarindos.com.br/imagems/AnaMunoz/Belchior/302110.png|http://tamarindos.com.br/imagems/AnaMunoz/Belchior/302111.png;;;;;;;;;;MLB186462;;;;
BL-402112.402113.402114;Kit 3 Almofadas Vivace 43 x 43 cm Azul, Branco, Preto;Kit 3 Almofadas Vivace Azul;As almofadas da Belchior se caracterizam pela ótima qualidade. Todas possuem zíper invisível, excelente acabamento e enchimento que deixa ela macia e volumosa! Além disso, possuem o tamanho perfeito para decorar qualquer ambiente, seja sofá, cama, chão ou;Belchior;Belchior;15;99999;1;43;43;30;;BL-402112.402113.402114;Kit 3 Almofadas Vivace 43 x 43 cm Azul, Branco, Preto;;9404.90.00;;0;http://tamarindos.com.br/imagems/AnaMunoz/Belchior/Kit_33.png|http://tamarindos.com.br/imagems/AnaMunoz/Belchior/302112.png|http://tamarindos.com.br/imagems/AnaMunoz/Belchior/302113.png|http://tamarindos.com.br/imagems/AnaMunoz/Belchior/302114.png;;;;;;;;;;MLB186462;;;;
BL-402115.402116.402117;Kit 3 Almofadas Vivace 43 x 43 cm Azul, Branco, Vermelho;Kit 3 Almofadas Vivace Azul;As almofadas da Belchior se caracterizam pela ótima qualidade. Todas possuem zíper invisível, excelente acabamento e enchimento que deixa ela macia e volumosa! Além disso, possuem o tamanho perfeito para decorar qualquer ambiente, seja sofá, cama, chão ou;Belchior;Belchior;15;99999;1;43;43;30;;BL-402115.402116.402117;Kit 3 Almofadas Vivace 43 x 43 cm Azul, Branco, Vermelho;;9404.90.00;;0;http://tamarindos.com.br/imagems/AnaMunoz/Belchior/Kit_34.png|http://tamarindos.com.br/imagems/AnaMunoz/Belchior/302115.png|http://tamarindos.com.br/imagems/AnaMunoz/Belchior/302116.png|http://tamarindos.com.br/imagems/AnaMunoz/Belchior/302117.png;;;;;;;;;;MLB186462;;;;
BL-402118.402119.402120;Kit 3 Almofadas Vivace 43 x 43 cm Branco, Azul, Bege;Kit 3 Almofadas Vivace Azul, Bege;As almofadas da Belchior se caracterizam pela ótima qualidade. Todas possuem zíper invisível, excelente acabamento e enchimento que deixa ela macia e volumosa! Além disso, possuem o tamanho perfeito para decorar qualquer ambiente, seja sofá, cama, chão ou;Belchior;Belchior;15;99999;1;43;43;30;;BL-402118.402119.402120;Kit 3 Almofadas Vivace 43 x 43 cm Branco, Azul, Bege;;9404.90.00;;0;http://tamarindos.com.br/imagems/AnaMunoz/Belchior/Kit_35.png|http://tamarindos.com.br/imagems/AnaMunoz/Belchior/302118.png|http://tamarindos.com.br/imagems/AnaMunoz/Belchior/302119.png|http://tamarindos.com.br/imagems/AnaMunoz/Belchior/302120.png;;;;;;;;;;MLB186462;;;;
BL-402121.402122.402123;Kit 3 Almofadas Vivace 43 x 43 cm Branco, Azul, Bege;Kit 3 Almofadas Vivace Bege;As almofadas da Belchior se caracterizam pela ótima qualidade. Todas possuem zíper invisível, excelente acabamento e enchimento que deixa ela macia e volumosa! Além disso, possuem o tamanho perfeito para decorar qualquer ambiente, seja sofá, cama, chão ou;Belchior;Belchior;15;99999;1;43;43;30;;BL-402121.402122.402123;Kit 3 Almofadas Vivace 43 x 43 cm Branco, Azul, Bege;;9404.90.00;;0;http://tamarindos.com.br/imagems/AnaMunoz/Belchior/Kit_36.png|http://tamarindos.com.br/imagems/AnaMunoz/Belchior/302121.png|http://tamarindos.com.br/imagems/AnaMunoz/Belchior/302122.png|http://tamarindos.com.br/imagems/AnaMunoz/Belchior/302123.png;;;;;;;;;;MLB186462;;;;
BL-402124.402125.402126;Kit 3 Almofadas Vivace 43 x 43 cm Vermelho, Preto;Kit 3 Almofadas Vivace Vermelho, Preto;As almofadas da Belchior se caracterizam pela ótima qualidade. Todas possuem zíper invisível, excelente acabamento e enchimento que deixa ela macia e volumosa! Além disso, possuem o tamanho perfeito para decorar qualquer ambiente, seja sofá, cama, chão ou;Belchior;Belchior;15;99999;1;43;43;30;;BL-402124.402125.402126;Kit 3 Almofadas Vivace 43 x 43 cm Vermelho, Preto;;9404.90.00;;0;http://tamarindos.com.br/imagems/AnaMunoz/Belchior/Kit_37.png|http://tamarindos.com.br/imagems/AnaMunoz/Belchior/302124.png|http://tamarindos.com.br/imagems/AnaMunoz/Belchior/302125.png|http://tamarindos.com.br/imagems/AnaMunoz/Belchior/302126.png;;;;;;;;;;MLB186462;;;;
BL-402127.402128.402129;Kit 3 Almofadas Vivace 43 x 43 cm Vermelho, Preto;Kit 3 Almofadas Vivace Vermelho, Preto;As almofadas da Belchior se caracterizam pela ótima qualidade. Todas possuem zíper invisível, excelente acabamento e enchimento que deixa ela macia e volumosa! Além disso, possuem o tamanho perfeito para decorar qualquer ambiente, seja sofá, cama, chão ou;Belchior;Belchior;15;99999;1;43;43;30;;BL-402127.402128.402129;Kit 3 Almofadas Vivace 43 x 43 cm Vermelho, Preto;;9404.90.00;;0;http://tamarindos.com.br/imagems/AnaMunoz/Belchior/Kit_38.png|http://tamarindos.com.br/imagems/AnaMunoz/Belchior/302127.png|http://tamarindos.com.br/imagems/AnaMunoz/Belchior/302128.png|http://tamarindos.com.br/imagems/AnaMunoz/Belchior/302129.png;;;;;;;;;;MLB186462;;;;
BL-463016.463017.463018;Kit 3 Almofadas Florida 43 x 43 cm Amarelo, Cinza, Branco;Kit 3 Almofadas Florida Amarelo, Cinza;As almofadas da Belchior se caracterizam pela ótima qualidade. Todas possuem zíper invisível, excelente acabamento e enchimento que deixa ela macia e volumosa! Além disso, possuem o tamanho perfeito para decorar qualquer ambiente, seja sofá, cama, chão ou;Belchior;Belchior;15;99999;1;43;43;30;;BL-463016.463017.463018;Kit 3 Almofadas Florida 43 x 43 cm Amarelo, Cinza, Branco;;9404.90.00;;0;http://tamarindos.com.br/imagems/AnaMunoz/Belchior/Kit_39.png|http://tamarindos.com.br/imagems/AnaMunoz/Belchior/363016.png|http://tamarindos.com.br/imagems/AnaMunoz/Belchior/363017.png|http://tamarindos.com.br/imagems/AnaMunoz/Belchior/363018.png;;;;;;;;;;MLB186462;;;;
BL-463025.463026.463027;Kit 3 Almofadas Florida 43 x 43 cm Azul, Branco, Vermelho;Kit 3 Almofadas Florida Azul, Vermelho;As almofadas da Belchior se caracterizam pela ótima qualidade. Todas possuem zíper invisível, excelente acabamento e enchimento que deixa ela macia e volumosa! Além disso, possuem o tamanho perfeito para decorar qualquer ambiente, seja sofá, cama, chão ou;Belchior;Belchior;15;99999;1;43;43;30;;BL-463025.463026.463027;Kit 3 Almofadas Florida 43 x 43 cm Azul, Branco, Vermelho;;9404.90.00;;0;http://tamarindos.com.br/imagems/AnaMunoz/Belchior/Kit_40.png|http://tamarindos.com.br/imagems/AnaMunoz/Belchior/363025.png|http://tamarindos.com.br/imagems/AnaMunoz/Belchior/363026.png|http://tamarindos.com.br/imagems/AnaMunoz/Belchior/363027.png;;;;;;;;;;MLB186462;;;;
BL-463028.463029.463030;Kit 3 Almofadas Florida 43 x 43 cm Branco, Bege, Azul;Kit 3 Almofadas Florida Bege;As almofadas da Belchior se caracterizam pela ótima qualidade. Todas possuem zíper invisível, excelente acabamento e enchimento que deixa ela macia e volumosa! Além disso, possuem o tamanho perfeito para decorar qualquer ambiente, seja sofá, cama, chão ou;Belchior;Belchior;15;99999;1;43;43;30;;BL-463028.463029.463030;Kit 3 Almofadas Florida 43 x 43 cm Branco, Bege, Azul;;9404.90.00;;0;http://tamarindos.com.br/imagems/AnaMunoz/Belchior/Kit_41.png|http://tamarindos.com.br/imagems/AnaMunoz/Belchior/363028.png|http://tamarindos.com.br/imagems/AnaMunoz/Belchior/363029.png|http://tamarindos.com.br/imagems/AnaMunoz/Belchior/363030.png;;;;;;;;;;MLB186462;;;;
BL-467015.467016.467017;Kit 3 Almofadas Colors Estampada 43 x 43 cm Rosa, Azul, Branco;Kit 3 Almofadas Colors Estampada Azul, Rosa;As almofadas da Belchior se caracterizam pela ótima qualidade. Todas possuem zíper invisível, excelente acabamento e enchimento que deixa ela macia e volumosa! Além disso, possuem o tamanho perfeito para decorar qualquer ambiente, seja sofá, cama, chão ou;Belchior;Belchior;15;99999;1;43;43;30;;BL-467015.467016.467017;Kit 3 Almofadas Colors Estampada 43 x 43 cm Rosa, Azul, Branco;;9404.90.00;;0;http://tamarindos.com.br/imagems/AnaMunoz/Belchior/Kit_42.png|http://tamarindos.com.br/imagems/AnaMunoz/Belchior/367015.png|http://tamarindos.com.br/imagems/AnaMunoz/Belchior/367016.png|http://tamarindos.com.br/imagems/AnaMunoz/Belchior/367017.png;;;;;;;;;;MLB186462;;;;
BL-467018.467019.467020;Kit 3 Almofadas Colors Estampada 43 x 43 cm Rosa, Branco, Preto;Kit 3 Almofadas Colors Estampada Rosa;As almofadas da Belchior se caracterizam pela ótima qualidade. Todas possuem zíper invisível, excelente acabamento e enchimento que deixa ela macia e volumosa! Além disso, possuem o tamanho perfeito para decorar qualquer ambiente, seja sofá, cama, chão ou;Belchior;Belchior;15;99999;1;43;43;30;;BL-467018.467019.467020;Kit 3 Almofadas Colors Estampada 43 x 43 cm Rosa, Branco, Preto;;9404.90.00;;0;http://tamarindos.com.br/imagems/AnaMunoz/Belchior/Kit_43.png|http://tamarindos.com.br/imagems/AnaMunoz/Belchior/367018.png|http://tamarindos.com.br/imagems/AnaMunoz/Belchior/367019.png|http://tamarindos.com.br/imagems/AnaMunoz/Belchior/367020.png;;;;;;;;;;MLB186462;;;;
BL-467021.467022.467023;Kit 3 Almofadas Colors Estampada 43 x 43 cm Marrom, Bege;Kit 3 Almofadas Colors Estampada Marrom;As almofadas da Belchior se caracterizam pela ótima qualidade. Todas possuem zíper invisível, excelente acabamento e enchimento que deixa ela macia e volumosa! Além disso, possuem o tamanho perfeito para decorar qualquer ambiente, seja sofá, cama, chão ou;Belchior;Belchior;15;99999;1;43;43;30;;BL-467021.467022.467023;Kit 3 Almofadas Colors Estampada 43 x 43 cm Marrom, Bege;;9404.90.00;;0;http://tamarindos.com.br/imagems/AnaMunoz/Belchior/Kit_44.png|http://tamarindos.com.br/imagems/AnaMunoz/Belchior/367021.png|http://tamarindos.com.br/imagems/AnaMunoz/Belchior/367022.png|http://tamarindos.com.br/imagems/AnaMunoz/Belchior/367023.png;;;;;;;;;;MLB186462;;;;
BL-467024.467025.467026;Kit 3 Almofadas Colors Estampada 43 x 43 cm Azul, Branco;Kit 3 Almofadas Colors Estampada Azul;As almofadas da Belchior se caracterizam pela ótima qualidade. Todas possuem zíper invisível, excelente acabamento e enchimento que deixa ela macia e volumosa! Além disso, possuem o tamanho perfeito para decorar qualquer ambiente, seja sofá, cama, chão ou;Belchior;Belchior;15;99999;1;43;43;30;;BL-467024.467025.467026;Kit 3 Almofadas Colors Estampada 43 x 43 cm Azul, Branco;;9404.90.00;;0;http://tamarindos.com.br/imagems/AnaMunoz/Belchior/Kit_45.png|http://tamarindos.com.br/imagems/AnaMunoz/Belchior/367024.png|http://tamarindos.com.br/imagems/AnaMunoz/Belchior/367025.png|http://tamarindos.com.br/imagems/AnaMunoz/Belchior/367026.png;;;;;;;;;;MLB186462;;;;
BL-463013.463014.463015;Kit 3 Almofadas Florida 43 x 43 cm Branco, Preto;Kit 3 Almofadas Florida Branco;As almofadas da Belchior se caracterizam pela ótima qualidade. Todas possuem zíper invisível, excelente acabamento e enchimento que deixa ela macia e volumosa! Além disso, possuem o tamanho perfeito para decorar qualquer ambiente, seja sofá, cama, chão ou;Belchior;Belchior;15;99999;1;43;43;30;;BL-463013.463014.463015;Kit 3 Almofadas Florida 43 x 43 cm Branco, Preto;;9404.90.00;;0;http://tamarindos.com.br/imagems/AnaMunoz/Belchior/Kit_46.png|http://tamarindos.com.br/imagems/AnaMunoz/Belchior/363013.png|http://tamarindos.com.br/imagems/AnaMunoz/Belchior/363014.png|http://tamarindos.com.br/imagems/AnaMunoz/Belchior/363015.png;;;;;;;;;;MLB186462;;;;
BL-463019.463020.463021;Kit 3 Almofadas Florida 43 x 43 cm Vermelho, Azul, Branco;Kit 3 Almofadas Florida Vermelho;As almofadas da Belchior se caracterizam pela ótima qualidade. Todas possuem zíper invisível, excelente acabamento e enchimento que deixa ela macia e volumosa! Além disso, possuem o tamanho perfeito para decorar qualquer ambiente, seja sofá, cama, chão ou;Belchior;Belchior;15;99999;1;43;43;30;;BL-463019.463020.463021;Kit 3 Almofadas Florida 43 x 43 cm Vermelho, Azul, Branco;;9404.90.00;;0;http://tamarindos.com.br/imagems/AnaMunoz/Belchior/Kit_47.png|http://tamarindos.com.br/imagems/AnaMunoz/Belchior/363019.png|http://tamarindos.com.br/imagems/AnaMunoz/Belchior/363020.png|http://tamarindos.com.br/imagems/AnaMunoz/Belchior/363021.png;;;;;;;;;;MLB186462;;;;
BL-463022.463023.463024;Kit 3 Almofadas Florida 43 x 43 cm Azul, Bege, Amarelo;Kit 3 Almofadas Florida Azul;As almofadas da Belchior se caracterizam pela ótima qualidade. Todas possuem zíper invisível, excelente acabamento e enchimento que deixa ela macia e volumosa! Além disso, possuem o tamanho perfeito para decorar qualquer ambiente, seja sofá, cama, chão ou;Belchior;Belchior;15;99999;1;43;43;30;;BL-463022.463023.463024;Kit 3 Almofadas Florida 43 x 43 cm Azul, Bege, Amarelo;;9404.90.00;;0;http://tamarindos.com.br/imagems/AnaMunoz/Belchior/Kit_48.png|http://tamarindos.com.br/imagems/AnaMunoz/Belchior/363022.png|http://tamarindos.com.br/imagems/AnaMunoz/Belchior/363023.png|http://tamarindos.com.br/imagems/AnaMunoz/Belchior/363024.png;;;;;;;;;;MLB186462;;;;
BL-467027.467028.467029;Kit 3 Almofadas Colors Estampada 43 x 43 cm Preto, Branco, Amarelo;Kit 3 Almofadas Colors Estampada Preto;As almofadas da Belchior se caracterizam pela ótima qualidade. Todas possuem zíper invisível, excelente acabamento e enchimento que deixa ela macia e volumosa! Além disso, possuem o tamanho perfeito para decorar qualquer ambiente, seja sofá, cama, chão ou;Belchior;Belchior;15;99999;1;43;43;30;;BL-467027.467028.467029;Kit 3 Almofadas Colors Estampada 43 x 43 cm Preto, Branco, Amarelo;;9404.90.00;;0;http://tamarindos.com.br/imagems/AnaMunoz/Belchior/Kit_49.png|http://tamarindos.com.br/imagems/AnaMunoz/Belchior/367027.png|http://tamarindos.com.br/imagems/AnaMunoz/Belchior/367028.png|http://tamarindos.com.br/imagems/AnaMunoz/Belchior/367029.png;;;;;;;;;;MLB186462;;;;
BL-469034.469035.469036;Kit 3 Almofadas Design 43 x 43 cm Preto, Bege, Branco;Kit 3 Almofadas Design Preto;As almofadas da Belchior se caracterizam pela ótima qualidade. Todas possuem zíper invisível, excelente acabamento e enchimento que deixa ela macia e volumosa! Além disso, possuem o tamanho perfeito para decorar qualquer ambiente, seja sofá, cama, chão ou;Belchior;Belchior;15;99999;1;43;43;30;;BL-469034.469035.469036;Kit 3 Almofadas Design 43 x 43 cm Preto, Bege, Branco;;9404.90.00;;0;http://tamarindos.com.br/imagems/AnaMunoz/Belchior/Kit_50.png|http://tamarindos.com.br/imagems/AnaMunoz/Belchior/369034.png|http://tamarindos.com.br/imagems/AnaMunoz/Belchior/369035.png|http://tamarindos.com.br/imagems/AnaMunoz/Belchior/369036.png;;;;;;;;;;MLB186462;;;;
BL-470013.470014.470015;Kit 3 Almofadas Foil 43 x 43 cm Preto, Dourado, Branco;Kit 3 Almofadas Foil Preto;As almofadas da Belchior se caracterizam pela ótima qualidade. Todas possuem zíper invisível, excelente acabamento e enchimento que deixa ela macia e volumosa! Além disso, possuem o tamanho perfeito para decorar qualquer ambiente, seja sofá, cama, chão ou;Belchior;Belchior;15;99999;1;43;43;30;;BL-470013.470014.470015;Kit 3 Almofadas Foil 43 x 43 cm Preto, Dourado, Branco;;9404.90.00;;0;http://tamarindos.com.br/imagems/AnaMunoz/Belchior/Kit_51.png|http://tamarindos.com.br/imagems/AnaMunoz/Belchior/370013.png|http://tamarindos.com.br/imagems/AnaMunoz/Belchior/370014.png|http://tamarindos.com.br/imagems/AnaMunoz/Belchior/370015.png;;;;;;;;;;MLB186462;;;;
BL-470016.470017.470018;Kit 3 Almofadas Foil 43 x 43 cm Preto, Bronze;Kit 3 Almofadas Foil Preto;As almofadas da Belchior se caracterizam pela ótima qualidade. Todas possuem zíper invisível, excelente acabamento e enchimento que deixa ela macia e volumosa! Além disso, possuem o tamanho perfeito para decorar qualquer ambiente, seja sofá, cama, chão ou;Belchior;Belchior;15;99999;1;43;43;30;;BL-470016.470017.470018;Kit 3 Almofadas Foil 43 x 43 cm Preto, Bronze;;9404.90.00;;0;http://tamarindos.com.br/imagems/AnaMunoz/Belchior/Kit_52.png|http://tamarindos.com.br/imagems/AnaMunoz/Belchior/370016.png|http://tamarindos.com.br/imagems/AnaMunoz/Belchior/370017.png|http://tamarindos.com.br/imagems/AnaMunoz/Belchior/370018.png;;;;;;;;;;MLB186462;;;;
BL-470019.470020.470021;Kit 3 Almofadas Foil 43 x 43 cm Preto, Dourado, Branco;Kit 3 Almofadas Foil Preto;As almofadas da Belchior se caracterizam pela ótima qualidade. Todas possuem zíper invisível, excelente acabamento e enchimento que deixa ela macia e volumosa! Além disso, possuem o tamanho perfeito para decorar qualquer ambiente, seja sofá, cama, chão ou;Belchior;Belchior;15;99999;1;43;43;30;;BL-470019.470020.470021;Kit 3 Almofadas Foil 43 x 43 cm Preto, Dourado, Branco;;9404.90.00;;0;http://tamarindos.com.br/imagems/AnaMunoz/Belchior/Kit_53.png|http://tamarindos.com.br/imagems/AnaMunoz/Belchior/370019.png|http://tamarindos.com.br/imagems/AnaMunoz/Belchior/370020.png|http://tamarindos.com.br/imagems/AnaMunoz/Belchior/370021.png;;;;;;;;;;MLB186462;;;;
BL-472148.472149.472150;Kit 3 Almofadas Veludo France 43 x 43 cm Preto, Vermelho, Branco;Kit 3 Almofadas Veludo France Preto;As almofadas da Belchior se caracterizam pela ótima qualidade. Todas possuem zíper invisível, excelente acabamento e enchimento que deixa ela macia e volumosa! Além disso, possuem o tamanho perfeito para decorar qualquer ambiente, seja sofá, cama, chão ou;Belchior;Belchior;15;99999;1;43;43;30;;BL-472148.472149.472150;Kit 3 Almofadas Veludo France 43 x 43 cm Preto, Vermelho, Branco;;9404.90.00;;0;http://tamarindos.com.br/imagems/AnaMunoz/Belchior/Kit_54.png|http://tamarindos.com.br/imagems/AnaMunoz/Belchior/372148.png|http://tamarindos.com.br/imagems/AnaMunoz/Belchior/372149.png|http://tamarindos.com.br/imagems/AnaMunoz/Belchior/372150.png;;;;;;;;;;MLB186462;;;;
BL-472175.472176.472177;Kit 3 Almofadas Velveteen 43 x 43 cm Azul, Vermelho, Branco;Kit 3 Almofadas Velveteen Azul;As almofadas da Belchior se caracterizam pela ótima qualidade. Todas possuem zíper invisível, excelente acabamento e enchimento que deixa ela macia e volumosa! Além disso, possuem o tamanho perfeito para decorar qualquer ambiente, seja sofá, cama, chão ou;Belchior;Belchior;15;99999;1;43;43;30;;BL-472175.472176.472177;Kit 3 Almofadas Velveteen 43 x 43 cm Azul, Vermelho, Branco;;9404.90.00;;0;http://tamarindos.com.br/imagems/AnaMunoz/Belchior/Kit_55.png|http://tamarindos.com.br/imagems/AnaMunoz/Belchior/372175.png|http://tamarindos.com.br/imagems/AnaMunoz/Belchior/372176.png|http://tamarindos.com.br/imagems/AnaMunoz/Belchior/372177.png;;;;;;;;;;MLB186462;;;;
